motif_id	motif_alt_id	sequence_name	start	stop	strand	score	p-value	q-value	matched_sequence
TKCCACGTGGAA	MEME-1	chr_19	129557	129568	+	17.5352	5.62e-08	0.197	TTCCACGTGGAA
TKCCACGTGGAA	MEME-1	chr_19	129557	129568	-	17.5352	5.62e-08	0.197	TTCCACGTGGAA
TKCCACGTGGAA	MEME-1	chr_12	327547	327558	+	17.5352	5.62e-08	0.197	TTCCACGTGGAA
TKCCACGTGGAA	MEME-1	chr_12	327547	327558	-	17.5352	5.62e-08	0.197	TTCCACGTGGAA
TKCCACGTGGAA	MEME-1	chr_25	377293	377304	+	17.5352	5.62e-08	0.197	TTCCACGTGGAA
TKCCACGTGGAA	MEME-1	chr_25	377293	377304	-	17.5352	5.62e-08	0.197	TTCCACGTGGAA
TKCCACGTGGAA	MEME-1	chr_24	420004	420015	+	17.5352	5.62e-08	0.197	TTCCACGTGGAA
TKCCACGTGGAA	MEME-1	chr_24	420004	420015	-	17.5352	5.62e-08	0.197	TTCCACGTGGAA
TKCCACGTGGAA	MEME-1	chr_3	452300	452311	+	17.5352	5.62e-08	0.197	TTCCACGTGGAA
TKCCACGTGGAA	MEME-1	chr_3	452300	452311	-	17.5352	5.62e-08	0.197	TTCCACGTGGAA
TKCCACGTGGAA	MEME-1	chr_11	605228	605239	+	17.5352	5.62e-08	0.197	TTCCACGTGGAA
TKCCACGTGGAA	MEME-1	chr_11	605228	605239	-	17.5352	5.62e-08	0.197	TTCCACGTGGAA
TKCCACGTGGAA	MEME-1	chr_8	633496	633507	+	17.5352	5.62e-08	0.197	TTCCACGTGGAA
TKCCACGTGGAA	MEME-1	chr_8	633496	633507	-	17.5352	5.62e-08	0.197	TTCCACGTGGAA
TKCCACGTGGAA	MEME-1	chr_1	121966	121977	+	16.993	1.02e-07	0.28	TGCCACGTGGAA
TKCCACGTGGAA	MEME-1	chr_14	137911	137922	+	16.993	1.02e-07	0.28	TGCCACGTGGAA
TKCCACGTGGAA	MEME-1	chr_11	803916	803927	-	16.993	1.02e-07	0.28	TGCCACGTGGAA
TKCCACGTGGAA	MEME-1	chr_2	1303063	1303074	-	16.993	1.02e-07	0.28	TGCCACGTGGAA
TKCCACGTGGAA	MEME-1	chr_1	121966	121977	-	16.7324	1.49e-07	0.332	TTCCACGTGGCA
TKCCACGTGGAA	MEME-1	chr_14	137911	137922	-	16.7324	1.49e-07	0.332	TTCCACGTGGCA
TKCCACGTGGAA	MEME-1	chr_11	803916	803927	+	16.7324	1.49e-07	0.332	TTCCACGTGGCA
TKCCACGTGGAA	MEME-1	chr_2	1303063	1303074	+	16.7324	1.49e-07	0.332	TTCCACGTGGCA
TKCCACGTGGAA	MEME-1	chr_3	18554	18565	+	16.6408	1.95e-07	0.344	GTCCACGTGGAA
TKCCACGTGGAA	MEME-1	chr_20	212884	212895	-	16.6408	1.95e-07	0.344	GTCCACGTGGAA
TKCCACGTGGAA	MEME-1	chr_21	479751	479762	+	16.6408	1.95e-07	0.344	GTCCACGTGGAA
TKCCACGTGGAA	MEME-1	chr_2	1121449	1121460	-	16.6408	1.95e-07	0.344	GTCCACGTGGAA
TKCCACGTGGAA	MEME-1	chr_1	1363686	1363697	-	16.6408	1.95e-07	0.344	GTCCACGTGGAA
TKCCACGTGGAA	MEME-1	chr_11	921321	921332	-	16.5634	2.41e-07	0.344	CTCCACGTGGAA
TKCCACGTGGAA	MEME-1	chr_1	2330715	2330726	-	16.5634	2.41e-07	0.344	CTCCACGTGGAA
TKCCACGTGGAA	MEME-1	chr_6	6704	6715	+	16.5634	2.41e-07	0.344	CTCCACGTGGAA
TKCCACGTGGAA	MEME-1	chr_6	10434	10445	+	16.5634	2.41e-07	0.344	CTCCACGTGGAA
TKCCACGTGGAA	MEME-1	chr_15	434857	434868	+	16.5634	2.41e-07	0.344	CTCCACGTGGAA
TKCCACGTGGAA	MEME-1	chr_5	780351	780362	+	16.5634	2.41e-07	0.344	CTCCACGTGGAA
TKCCACGTGGAA	MEME-1	chr_1	1090469	1090480	+	16.5634	2.41e-07	0.344	CTCCACGTGGAA
TKCCACGTGGAA	MEME-1	chr_6	6704	6715	-	16.3944	2.87e-07	0.344	TTCCACGTGGAG
TKCCACGTGGAA	MEME-1	chr_6	10434	10445	-	16.3944	2.87e-07	0.344	TTCCACGTGGAG
TKCCACGTGGAA	MEME-1	chr_15	434857	434868	-	16.3944	2.87e-07	0.344	TTCCACGTGGAG
TKCCACGTGGAA	MEME-1	chr_5	780351	780362	-	16.3944	2.87e-07	0.344	TTCCACGTGGAG
TKCCACGTGGAA	MEME-1	chr_1	1090469	1090480	-	16.3944	2.87e-07	0.344	TTCCACGTGGAG
TKCCACGTGGAA	MEME-1	chr_11	921321	921332	+	16.3944	2.87e-07	0.344	TTCCACGTGGAG
TKCCACGTGGAA	MEME-1	chr_1	2330715	2330726	+	16.3944	2.87e-07	0.344	TTCCACGTGGAG
TKCCACGTGGAA	MEME-1	chr_3	18554	18565	-	16.2817	3.33e-07	0.356	TTCCACGTGGAC
TKCCACGTGGAA	MEME-1	chr_20	212884	212895	+	16.2817	3.33e-07	0.356	TTCCACGTGGAC
TKCCACGTGGAA	MEME-1	chr_21	479751	479762	-	16.2817	3.33e-07	0.356	TTCCACGTGGAC
TKCCACGTGGAA	MEME-1	chr_2	1121449	1121460	+	16.2817	3.33e-07	0.356	TTCCACGTGGAC
TKCCACGTGGAA	MEME-1	chr_1	1363686	1363697	+	16.2817	3.33e-07	0.356	TTCCACGTGGAC
TKCCACGTGGAA	MEME-1	chr_9	798844	798855	+	16.0986	4.09e-07	0.419	GGCCACGTGGAA
TKCCACGTGGAA	MEME-1	chr_3	1238248	1238259	-	16.0986	4.09e-07	0.419	GGCCACGTGGAA
TKCCACGTGGAA	MEME-1	chr_3	709553	709564	-	16.0211	4.47e-07	0.439	CGCCACGTGGAA
TKCCACGTGGAA	MEME-1	chr_5	944304	944315	+	16.0211	4.47e-07	0.439	CGCCACGTGGAA
TKCCACGTGGAA	MEME-1	chr_5	62658	62669	-	15.8521	4.85e-07	0.442	TGCCACGTGGAG
TKCCACGTGGAA	MEME-1	chr_30	216937	216948	+	15.838	5.23e-07	0.442	GTCCACGTGGCA
TKCCACGTGGAA	MEME-1	chr_5	62658	62669	+	15.7606	6.29e-07	0.442	CTCCACGTGGCA
TKCCACGTGGAA	MEME-1	chr_30	216937	216948	-	15.7394	6.67e-07	0.442	TGCCACGTGGAC
TKCCACGTGGAA	MEME-1	chr_3	709553	709564	+	15.5915	7.05e-07	0.442	TTCCACGTGGCG
TKCCACGTGGAA	MEME-1	chr_5	944304	944315	-	15.5915	7.05e-07	0.442	TTCCACGTGGCG
TKCCACGTGGAA	MEME-1	chr_17	44488	44499	-	15.5	7.43e-07	0.442	GTCCACGTGGAG
TKCCACGTGGAA	MEME-1	chr_26	315139	315150	+	15.5	7.43e-07	0.442	GTCCACGTGGAG
TKCCACGTGGAA	MEME-1	chr_1	665436	665447	-	15.5	7.43e-07	0.442	GTCCACGTGGAG
TKCCACGTGGAA	MEME-1	chr_9	798844	798855	-	15.4789	8.49e-07	0.442	TTCCACGTGGCC
TKCCACGTGGAA	MEME-1	chr_3	1238248	1238259	+	15.4789	8.49e-07	0.442	TTCCACGTGGCC
TKCCACGTGGAA	MEME-1	chr_24	172000	172011	+	15.4366	9.06e-07	0.442	TACCACGTGGAA
TKCCACGTGGAA	MEME-1	chr_6	566175	566186	+	15.4366	9.06e-07	0.442	TACCACGTGGAA
TKCCACGTGGAA	MEME-1	chr_4	678283	678294	-	15.4366	9.06e-07	0.442	TACCACGTGGAA
TKCCACGTGGAA	MEME-1	chr_1	2015112	2015123	-	15.4366	9.06e-07	0.442	TACCACGTGGAA
TKCCACGTGGAA	MEME-1	chr_24	172000	172011	-	15.3662	1.04e-06	0.442	TTCCACGTGGTA
TKCCACGTGGAA	MEME-1	chr_6	566175	566186	-	15.3662	1.04e-06	0.442	TTCCACGTGGTA
TKCCACGTGGAA	MEME-1	chr_4	678283	678294	+	15.3662	1.04e-06	0.442	TTCCACGTGGTA
TKCCACGTGGAA	MEME-1	chr_1	2015112	2015123	+	15.3662	1.04e-06	0.442	TTCCACGTGGTA
TKCCACGTGGAA	MEME-1	chr_17	44488	44499	+	15.3099	1.08e-06	0.442	CTCCACGTGGAC
TKCCACGTGGAA	MEME-1	chr_26	315139	315150	-	15.3099	1.08e-06	0.442	CTCCACGTGGAC
TKCCACGTGGAA	MEME-1	chr_1	665436	665447	+	15.3099	1.08e-06	0.442	CTCCACGTGGAC
TKCCACGTGGAA	MEME-1	chr_14	211968	211979	+	15.2958	1.11e-06	0.442	GGCCACGTGGCA
TKCCACGTGGAA	MEME-1	chr_3	380682	380693	-	15.2324	1.16e-06	0.442	TGACACGTGGAA
TKCCACGTGGAA	MEME-1	chr_5	610732	610743	+	15.2324	1.16e-06	0.442	TGACACGTGGAA
TKCCACGTGGAA	MEME-1	chr_3	1131549	1131560	-	15.2324	1.16e-06	0.442	TGACACGTGGAA
TKCCACGTGGAA	MEME-1	chr_24	66731	66742	-	15.169	1.25e-06	0.442	TTCCACGTGGAT
TKCCACGTGGAA	MEME-1	chr_6	78988	78999	-	15.169	1.25e-06	0.442	TTCCACGTGGAT
TKCCACGTGGAA	MEME-1	chr_30	140548	140559	+	15.169	1.25e-06	0.442	TTCCACGTGGAT
TKCCACGTGGAA	MEME-1	chr_1	725809	725820	-	15.169	1.25e-06	0.442	TTCCACGTGGAT
TKCCACGTGGAA	MEME-1	chr_3	862625	862636	+	15.169	1.25e-06	0.442	TTCCACGTGGAT
TKCCACGTGGAA	MEME-1	chr_24	66731	66742	+	15.1127	1.31e-06	0.442	ATCCACGTGGAA
TKCCACGTGGAA	MEME-1	chr_6	78988	78999	+	15.1127	1.31e-06	0.442	ATCCACGTGGAA
TKCCACGTGGAA	MEME-1	chr_30	140548	140559	-	15.1127	1.31e-06	0.442	ATCCACGTGGAA
TKCCACGTGGAA	MEME-1	chr_1	725809	725820	+	15.1127	1.31e-06	0.442	ATCCACGTGGAA
TKCCACGTGGAA	MEME-1	chr_3	862625	862636	-	15.1127	1.31e-06	0.442	ATCCACGTGGAA
TKCCACGTGGAA	MEME-1	chr_21	96629	96640	+	15.007	1.38e-06	0.442	TCCCACGTGGAA
TKCCACGTGGAA	MEME-1	chr_21	267243	267254	+	15.007	1.38e-06	0.442	TCCCACGTGGAA
TKCCACGTGGAA	MEME-1	chr_19	421933	421944	+	15.007	1.38e-06	0.442	TCCCACGTGGAA
TKCCACGTGGAA	MEME-1	chr_13	474900	474911	+	15.007	1.38e-06	0.442	TCCCACGTGGAA
TKCCACGTGGAA	MEME-1	chr_6	482911	482922	-	15.007	1.38e-06	0.442	TCCCACGTGGAA
TKCCACGTGGAA	MEME-1	chr_3	789963	789974	+	15.007	1.38e-06	0.442	TCCCACGTGGAA
TKCCACGTGGAA	MEME-1	chr_1	2368761	2368772	+	15.007	1.38e-06	0.442	TCCCACGTGGAA
TKCCACGTGGAA	MEME-1	chr_8	434812	434823	-	14.9718	1.44e-06	0.442	TTACACGTGGCA
TKCCACGTGGAA	MEME-1	chr_4	105481	105492	+	14.9577	1.47e-06	0.442	GGCCACGTGGAG
TKCCACGTGGAA	MEME-1	chr_1	703870	703881	-	14.9577	1.47e-06	0.442	GGCCACGTGGAG
TKCCACGTGGAA	MEME-1	chr_3	966909	966920	-	14.9577	1.47e-06	0.442	GGCCACGTGGAG
TKCCACGTGGAA	MEME-1	chr_1	1445863	1445874	-	14.9577	1.47e-06	0.442	GGCCACGTGGAG
TKCCACGTGGAA	MEME-1	chr_14	211968	211979	-	14.9366	1.56e-06	0.442	TGCCACGTGGCC
TKCCACGTGGAA	MEME-1	chr_8	434812	434823	+	14.9366	1.56e-06	0.442	TGCCACGTGTAA
TKCCACGTGGAA	MEME-1	chr_31	150661	150672	-	14.8803	1.65e-06	0.442	GTACACGTGGAA
TKCCACGTGGAA	MEME-1	chr_15	429378	429389	+	14.8803	1.65e-06	0.442	GTACACGTGGAA
TKCCACGTGGAA	MEME-1	chr_4	621878	621889	-	14.8803	1.65e-06	0.442	CGCCACGTGGAG
TKCCACGTGGAA	MEME-1	chr_14	636046	636057	+	14.8803	1.65e-06	0.442	GTACACGTGGAA
TKCCACGTGGAA	MEME-1	chr_9	741679	741690	+	14.8803	1.65e-06	0.442	GTACACGTGGAA
TKCCACGTGGAA	MEME-1	chr_10	743466	743477	+	14.8803	1.65e-06	0.442	GTACACGTGGAA
TKCCACGTGGAA	MEME-1	chr_8	2032	2043	-	14.8451	1.68e-06	0.442	GGCCACGTGGAC
TKCCACGTGGAA	MEME-1	chr_29	2340	2351	-	14.8451	1.68e-06	0.442	GGCCACGTGGAC
TKCCACGTGGAA	MEME-1	chr_30	3612	3623	+	14.8451	1.68e-06	0.442	GGCCACGTGGAC
TKCCACGTGGAA	MEME-1	chr_4	11152	11163	+	14.8451	1.68e-06	0.442	GGCCACGTGGAC
TKCCACGTGGAA	MEME-1	chr_8	28391	28402	-	14.8451	1.68e-06	0.442	GGCCACGTGGAC
TKCCACGTGGAA	MEME-1	chr_13	47907	47918	-	14.8451	1.68e-06	0.442	GGCCACGTGGAC
TKCCACGTGGAA	MEME-1	chr_13	54875	54886	-	14.8451	1.68e-06	0.442	GGCCACGTGGAC
TKCCACGTGGAA	MEME-1	chr_17	60497	60508	+	14.8451	1.68e-06	0.442	GGCCACGTGGAC
TKCCACGTGGAA	MEME-1	chr_17	63802	63813	+	14.8451	1.68e-06	0.442	GGCCACGTGGAC
TKCCACGTGGAA	MEME-1	chr_13	67332	67343	-	14.8451	1.68e-06	0.442	GGCCACGTGGAC
TKCCACGTGGAA	MEME-1	chr_13	70640	70651	-	14.8451	1.68e-06	0.442	GGCCACGTGGAC
TKCCACGTGGAA	MEME-1	chr_8	131150	131161	+	14.8451	1.68e-06	0.442	GGCCACGTGGAC
TKCCACGTGGAA	MEME-1	chr_30	159440	159451	-	14.8451	1.68e-06	0.442	GGCCACGTGGAC
TKCCACGTGGAA	MEME-1	chr_16	168405	168416	-	14.8451	1.68e-06	0.442	GGCCACGTGGAC
TKCCACGTGGAA	MEME-1	chr_16	175372	175383	-	14.8451	1.68e-06	0.442	GGCCACGTGGAC
TKCCACGTGGAA	MEME-1	chr_20	176477	176488	-	14.8451	1.68e-06	0.442	GGCCACGTGGAC
TKCCACGTGGAA	MEME-1	chr_18	395255	395266	+	14.8451	1.68e-06	0.442	GGCCACGTGGAC
TKCCACGTGGAA	MEME-1	chr_9	432312	432323	+	14.8451	1.68e-06	0.442	GGCCACGTGGAC
TKCCACGTGGAA	MEME-1	chr_24	446689	446700	-	14.8451	1.68e-06	0.442	GGCCACGTGGAC
TKCCACGTGGAA	MEME-1	chr_24	453660	453671	-	14.8451	1.68e-06	0.442	GGCCACGTGGAC
TKCCACGTGGAA	MEME-1	chr_24	479944	479955	-	14.8451	1.68e-06	0.442	GGCCACGTGGAC
TKCCACGTGGAA	MEME-1	chr_7	482257	482268	+	14.8451	1.68e-06	0.442	GGCCACGTGGAC
TKCCACGTGGAA	MEME-1	chr_24	483242	483253	-	14.8451	1.68e-06	0.442	GGCCACGTGGAC
TKCCACGTGGAA	MEME-1	chr_24	484663	484674	-	14.8451	1.68e-06	0.442	GGCCACGTGGAC
TKCCACGTGGAA	MEME-1	chr_22	524894	524905	+	14.8451	1.68e-06	0.442	GGCCACGTGGAC
TKCCACGTGGAA	MEME-1	chr_9	556239	556250	+	14.8451	1.68e-06	0.442	GGCCACGTGGAC
TKCCACGTGGAA	MEME-1	chr_16	558541	558552	-	14.8451	1.68e-06	0.442	GGCCACGTGGAC
TKCCACGTGGAA	MEME-1	chr_19	586060	586071	-	14.8451	1.68e-06	0.442	GGCCACGTGGAC
TKCCACGTGGAA	MEME-1	chr_9	605305	605316	-	14.8451	1.68e-06	0.442	GGCCACGTGGAC
TKCCACGTGGAA	MEME-1	chr_2	651915	651926	+	14.8451	1.68e-06	0.442	GGCCACGTGGAC
TKCCACGTGGAA	MEME-1	chr_19	677335	677346	-	14.8451	1.68e-06	0.442	GGCCACGTGGAC
TKCCACGTGGAA	MEME-1	chr_19	684302	684313	-	14.8451	1.68e-06	0.442	GGCCACGTGGAC
TKCCACGTGGAA	MEME-1	chr_10	689200	689211	+	14.8451	1.68e-06	0.442	GGCCACGTGGAC
TKCCACGTGGAA	MEME-1	chr_6	722527	722538	-	14.8451	1.68e-06	0.442	GGCCACGTGGAC
TKCCACGTGGAA	MEME-1	chr_7	723324	723335	+	14.8451	1.68e-06	0.442	GGCCACGTGGAC
TKCCACGTGGAA	MEME-1	chr_7	726627	726638	+	14.8451	1.68e-06	0.442	GGCCACGTGGAC
TKCCACGTGGAA	MEME-1	chr_6	729504	729515	-	14.8451	1.68e-06	0.442	GGCCACGTGGAC
TKCCACGTGGAA	MEME-1	chr_5	853789	853800	+	14.8451	1.68e-06	0.442	GGCCACGTGGAC
TKCCACGTGGAA	MEME-1	chr_11	933352	933363	+	14.8451	1.68e-06	0.442	GGCCACGTGGAC
TKCCACGTGGAA	MEME-1	chr_11	938407	938418	-	14.8451	1.68e-06	0.442	GGCCACGTGGAC
TKCCACGTGGAA	MEME-1	chr_5	971838	971849	+	14.8451	1.68e-06	0.442	GGCCACGTGGAC
TKCCACGTGGAA	MEME-1	chr_5	975141	975152	+	14.8451	1.68e-06	0.442	GGCCACGTGGAC
TKCCACGTGGAA	MEME-1	chr_3	983678	983689	-	14.8451	1.68e-06	0.442	GGCCACGTGGAC
TKCCACGTGGAA	MEME-1	chr_8	986523	986534	+	14.8451	1.68e-06	0.442	GGCCACGTGGAC
TKCCACGTGGAA	MEME-1	chr_8	991575	991586	-	14.8451	1.68e-06	0.442	GGCCACGTGGAC
TKCCACGTGGAA	MEME-1	chr_5	1019291	1019302	+	14.8451	1.68e-06	0.442	GGCCACGTGGAC
TKCCACGTGGAA	MEME-1	chr_1	1020445	1020456	-	14.8451	1.68e-06	0.442	GGCCACGTGGAC
TKCCACGTGGAA	MEME-1	chr_5	1072980	1072991	-	14.8451	1.68e-06	0.442	GGCCACGTGGAC
TKCCACGTGGAA	MEME-1	chr_1	1154233	1154244	+	14.8451	1.68e-06	0.442	GGCCACGTGGAC
TKCCACGTGGAA	MEME-1	chr_3	1328716	1328727	+	14.8451	1.68e-06	0.442	GGCCACGTGGAC
TKCCACGTGGAA	MEME-1	chr_27	33559	33570	-	14.8028	1.78e-06	0.442	CTACACGTGGAA
TKCCACGTGGAA	MEME-1	chr_2	83835	83846	+	14.8028	1.78e-06	0.442	CTACACGTGGAA
TKCCACGTGGAA	MEME-1	chr_28	254051	254062	+	14.8028	1.78e-06	0.442	CTACACGTGGAA
TKCCACGTGGAA	MEME-1	chr_6	401174	401185	-	14.8028	1.78e-06	0.442	CTACACGTGGAA
TKCCACGTGGAA	MEME-1	chr_28	79516	79527	-	14.7676	1.81e-06	0.442	CGCCACGTGGAC
TKCCACGTGGAA	MEME-1	chr_31	109485	109496	-	14.7676	1.81e-06	0.442	CGCCACGTGGAC
TKCCACGTGGAA	MEME-1	chr_15	144969	144980	-	14.7676	1.81e-06	0.442	CGCCACGTGGAC
TKCCACGTGGAA	MEME-1	chr_7	307604	307615	+	14.7676	1.81e-06	0.442	CGCCACGTGGAC
TKCCACGTGGAA	MEME-1	chr_28	79516	79527	+	14.6972	1.84e-06	0.442	GTCCACGTGGCG
TKCCACGTGGAA	MEME-1	chr_31	109485	109496	+	14.6972	1.84e-06	0.442	GTCCACGTGGCG
TKCCACGTGGAA	MEME-1	chr_15	144969	144980	+	14.6972	1.84e-06	0.442	GTCCACGTGGCG
TKCCACGTGGAA	MEME-1	chr_7	307604	307615	-	14.6972	1.84e-06	0.442	GTCCACGTGGCG
TKCCACGTGGAA	MEME-1	chr_3	380682	380693	+	14.6761	1.9e-06	0.442	TTCCACGTGTCA
TKCCACGTGGAA	MEME-1	chr_5	610732	610743	-	14.6761	1.9e-06	0.442	TTCCACGTGTCA
TKCCACGTGGAA	MEME-1	chr_3	1131549	1131560	+	14.6761	1.9e-06	0.442	TTCCACGTGTCA
TKCCACGTGGAA	MEME-1	chr_29	143902	143913	-	14.6408	1.95e-06	0.442	TTCGACGTGGAA
TKCCACGTGGAA	MEME-1	chr_10	163843	163854	-	14.6408	1.95e-06	0.442	TTCGACGTGGAA
TKCCACGTGGAA	MEME-1	chr_28	172483	172494	-	14.6408	1.95e-06	0.442	TTCGACGTGGAA
TKCCACGTGGAA	MEME-1	chr_18	185986	185997	-	14.6408	1.95e-06	0.442	TTCGACGTGGAA
TKCCACGTGGAA	MEME-1	chr_15	252371	252382	+	14.6408	1.95e-06	0.442	TTCGACGTGGAA
TKCCACGTGGAA	MEME-1	chr_16	435381	435392	+	14.6408	1.95e-06	0.442	TTCGACGTGGAA
TKCCACGTGGAA	MEME-1	chr_15	510249	510260	+	14.6408	1.95e-06	0.442	TTCGACGTGGAA
TKCCACGTGGAA	MEME-1	chr_2	692470	692481	+	14.6408	1.95e-06	0.442	TTCGACGTGGAA
TKCCACGTGGAA	MEME-1	chr_12	817240	817251	+	14.6408	1.95e-06	0.442	TTCGACGTGGAA
TKCCACGTGGAA	MEME-1	chr_29	143902	143913	+	14.6338	2.11e-06	0.442	TTCCACGTCGAA
TKCCACGTGGAA	MEME-1	chr_10	163843	163854	+	14.6338	2.11e-06	0.442	TTCCACGTCGAA
TKCCACGTGGAA	MEME-1	chr_28	172483	172494	+	14.6338	2.11e-06	0.442	TTCCACGTCGAA
TKCCACGTGGAA	MEME-1	chr_18	185986	185997	+	14.6338	2.11e-06	0.442	TTCCACGTCGAA
TKCCACGTGGAA	MEME-1	chr_30	196839	196850	+	14.6338	2.11e-06	0.442	TTACACGTGGAG
TKCCACGTGGAA	MEME-1	chr_15	252371	252382	-	14.6338	2.11e-06	0.442	TTCCACGTCGAA
TKCCACGTGGAA	MEME-1	chr_16	435381	435392	-	14.6338	2.11e-06	0.442	TTCCACGTCGAA
TKCCACGTGGAA	MEME-1	chr_15	510249	510260	-	14.6338	2.11e-06	0.442	TTCCACGTCGAA
TKCCACGTGGAA	MEME-1	chr_2	692470	692481	-	14.6338	2.11e-06	0.442	TTCCACGTCGAA
TKCCACGTGGAA	MEME-1	chr_12	817240	817251	-	14.6338	2.11e-06	0.442	TTCCACGTCGAA
TKCCACGTGGAA	MEME-1	chr_1	1839205	1839216	-	14.6338	2.11e-06	0.442	TTACACGTGGAG
TKCCACGTGGAA	MEME-1	chr_30	286311	286322	+	14.6268	2.16e-06	0.442	TGCCACGTGGAT
TKCCACGTGGAA	MEME-1	chr_4	308469	308480	+	14.6268	2.16e-06	0.442	TGCCACGTGGAT
TKCCACGTGGAA	MEME-1	chr_2	496340	496351	+	14.6268	2.16e-06	0.442	TGCCACGTGGAT
TKCCACGTGGAA	MEME-1	chr_6	811133	811144	+	14.6268	2.16e-06	0.442	TGCCACGTGGAT
TKCCACGTGGAA	MEME-1	chr_4	621878	621889	+	14.6197	2.19e-06	0.442	CTCCACGTGGCG
TKCCACGTGGAA	MEME-1	chr_8	2032	2043	+	14.5845	2.28e-06	0.442	GTCCACGTGGCC
TKCCACGTGGAA	MEME-1	chr_29	2340	2351	+	14.5845	2.28e-06	0.442	GTCCACGTGGCC
TKCCACGTGGAA	MEME-1	chr_30	3612	3623	-	14.5845	2.28e-06	0.442	GTCCACGTGGCC
TKCCACGTGGAA	MEME-1	chr_4	11152	11163	-	14.5845	2.28e-06	0.442	GTCCACGTGGCC
TKCCACGTGGAA	MEME-1	chr_8	28391	28402	+	14.5845	2.28e-06	0.442	GTCCACGTGGCC
TKCCACGTGGAA	MEME-1	chr_13	47907	47918	+	14.5845	2.28e-06	0.442	GTCCACGTGGCC
TKCCACGTGGAA	MEME-1	chr_13	54875	54886	+	14.5845	2.28e-06	0.442	GTCCACGTGGCC
TKCCACGTGGAA	MEME-1	chr_17	60497	60508	-	14.5845	2.28e-06	0.442	GTCCACGTGGCC
TKCCACGTGGAA	MEME-1	chr_17	63802	63813	-	14.5845	2.28e-06	0.442	GTCCACGTGGCC
TKCCACGTGGAA	MEME-1	chr_7	65713	65724	-	14.5845	2.28e-06	0.442	GTCCACGTGTAA
TKCCACGTGGAA	MEME-1	chr_13	67332	67343	+	14.5845	2.28e-06	0.442	GTCCACGTGGCC
TKCCACGTGGAA	MEME-1	chr_13	70640	70651	+	14.5845	2.28e-06	0.442	GTCCACGTGGCC
TKCCACGTGGAA	MEME-1	chr_8	131150	131161	-	14.5845	2.28e-06	0.442	GTCCACGTGGCC
TKCCACGTGGAA	MEME-1	chr_30	159440	159451	+	14.5845	2.28e-06	0.442	GTCCACGTGGCC
TKCCACGTGGAA	MEME-1	chr_16	168405	168416	+	14.5845	2.28e-06	0.442	GTCCACGTGGCC
TKCCACGTGGAA	MEME-1	chr_16	175372	175383	+	14.5845	2.28e-06	0.442	GTCCACGTGGCC
TKCCACGTGGAA	MEME-1	chr_20	176477	176488	+	14.5845	2.28e-06	0.442	GTCCACGTGGCC
TKCCACGTGGAA	MEME-1	chr_18	395255	395266	-	14.5845	2.28e-06	0.442	GTCCACGTGGCC
TKCCACGTGGAA	MEME-1	chr_9	432312	432323	-	14.5845	2.28e-06	0.442	GTCCACGTGGCC
TKCCACGTGGAA	MEME-1	chr_24	446689	446700	+	14.5845	2.28e-06	0.442	GTCCACGTGGCC
TKCCACGTGGAA	MEME-1	chr_24	453660	453671	+	14.5845	2.28e-06	0.442	GTCCACGTGGCC
TKCCACGTGGAA	MEME-1	chr_24	479944	479955	+	14.5845	2.28e-06	0.442	GTCCACGTGGCC
TKCCACGTGGAA	MEME-1	chr_7	482257	482268	-	14.5845	2.28e-06	0.442	GTCCACGTGGCC
TKCCACGTGGAA	MEME-1	chr_24	483242	483253	+	14.5845	2.28e-06	0.442	GTCCACGTGGCC
TKCCACGTGGAA	MEME-1	chr_24	484663	484674	+	14.5845	2.28e-06	0.442	GTCCACGTGGCC
TKCCACGTGGAA	MEME-1	chr_22	524894	524905	-	14.5845	2.28e-06	0.442	GTCCACGTGGCC
TKCCACGTGGAA	MEME-1	chr_9	556239	556250	-	14.5845	2.28e-06	0.442	GTCCACGTGGCC
TKCCACGTGGAA	MEME-1	chr_16	558541	558552	+	14.5845	2.28e-06	0.442	GTCCACGTGGCC
TKCCACGTGGAA	MEME-1	chr_19	586060	586071	+	14.5845	2.28e-06	0.442	GTCCACGTGGCC
TKCCACGTGGAA	MEME-1	chr_9	605305	605316	+	14.5845	2.28e-06	0.442	GTCCACGTGGCC
TKCCACGTGGAA	MEME-1	chr_2	651915	651926	-	14.5845	2.28e-06	0.442	GTCCACGTGGCC
TKCCACGTGGAA	MEME-1	chr_19	677335	677346	+	14.5845	2.28e-06	0.442	GTCCACGTGGCC
TKCCACGTGGAA	MEME-1	chr_19	684302	684313	+	14.5845	2.28e-06	0.442	GTCCACGTGGCC
TKCCACGTGGAA	MEME-1	chr_10	689200	689211	-	14.5845	2.28e-06	0.442	GTCCACGTGGCC
TKCCACGTGGAA	MEME-1	chr_6	722527	722538	+	14.5845	2.28e-06	0.442	GTCCACGTGGCC
TKCCACGTGGAA	MEME-1	chr_7	723324	723335	-	14.5845	2.28e-06	0.442	GTCCACGTGGCC
TKCCACGTGGAA	MEME-1	chr_7	726627	726638	-	14.5845	2.28e-06	0.442	GTCCACGTGGCC
TKCCACGTGGAA	MEME-1	chr_6	729504	729515	+	14.5845	2.28e-06	0.442	GTCCACGTGGCC
TKCCACGTGGAA	MEME-1	chr_5	853789	853800	-	14.5845	2.28e-06	0.442	GTCCACGTGGCC
TKCCACGTGGAA	MEME-1	chr_11	933352	933363	-	14.5845	2.28e-06	0.442	GTCCACGTGGCC
TKCCACGTGGAA	MEME-1	chr_11	938407	938418	+	14.5845	2.28e-06	0.442	GTCCACGTGGCC
TKCCACGTGGAA	MEME-1	chr_5	971838	971849	-	14.5845	2.28e-06	0.442	GTCCACGTGGCC
TKCCACGTGGAA	MEME-1	chr_5	975141	975152	-	14.5845	2.28e-06	0.442	GTCCACGTGGCC
TKCCACGTGGAA	MEME-1	chr_3	983678	983689	+	14.5845	2.28e-06	0.442	GTCCACGTGGCC
TKCCACGTGGAA	MEME-1	chr_8	986523	986534	-	14.5845	2.28e-06	0.442	GTCCACGTGGCC
TKCCACGTGGAA	MEME-1	chr_8	991575	991586	+	14.5845	2.28e-06	0.442	GTCCACGTGGCC
TKCCACGTGGAA	MEME-1	chr_5	1019291	1019302	-	14.5845	2.28e-06	0.442	GTCCACGTGGCC
TKCCACGTGGAA	MEME-1	chr_1	1020445	1020456	+	14.5845	2.28e-06	0.442	GTCCACGTGGCC
TKCCACGTGGAA	MEME-1	chr_5	1072980	1072991	+	14.5845	2.28e-06	0.442	GTCCACGTGGCC
TKCCACGTGGAA	MEME-1	chr_1	1154233	1154244	-	14.5845	2.28e-06	0.442	GTCCACGTGGCC
TKCCACGTGGAA	MEME-1	chr_3	1328716	1328727	-	14.5845	2.28e-06	0.442	GTCCACGTGGCC
TKCCACGTGGAA	MEME-1	chr_12	34309	34320	-	14.5704	2.32e-06	0.442	AGCCACGTGGAA
TKCCACGTGGAA	MEME-1	chr_18	344324	344335	+	14.5704	2.32e-06	0.442	AGCCACGTGGAA
TKCCACGTGGAA	MEME-1	chr_2	835562	835573	+	14.5704	2.32e-06	0.442	AGCCACGTGGAA
TKCCACGTGGAA	MEME-1	chr_3	1450528	1450539	-	14.5704	2.32e-06	0.442	AGCCACGTGGAA
TKCCACGTGGAA	MEME-1	chr_1	2000167	2000178	+	14.5704	2.32e-06	0.442	AGCCACGTGGAA
TKCCACGTGGAA	MEME-1	chr_24	45795	45806	+	14.5563	2.37e-06	0.442	TTCCGCGTGGAA
TKCCACGTGGAA	MEME-1	chr_27	208179	208190	+	14.5563	2.37e-06	0.442	TTCCGCGTGGAA
TKCCACGTGGAA	MEME-1	chr_13	639247	639258	-	14.5563	2.37e-06	0.442	TTCCGCGTGGAA
TKCCACGTGGAA	MEME-1	chr_10	950814	950825	+	14.5563	2.37e-06	0.442	TTCCGCGTGGAA
TKCCACGTGGAA	MEME-1	chr_1	1875788	1875799	-	14.5563	2.37e-06	0.442	TTCCGCGTGGAA
TKCCACGTGGAA	MEME-1	chr_1	1935990	1936001	+	14.5563	2.37e-06	0.442	TTCCGCGTGGAA
TKCCACGTGGAA	MEME-1	chr_3	236162	236173	-	14.5423	2.42e-06	0.442	GACCACGTGGAA
TKCCACGTGGAA	MEME-1	chr_27	308048	308059	-	14.5423	2.42e-06	0.442	GACCACGTGGAA
TKCCACGTGGAA	MEME-1	chr_25	403719	403730	-	14.5423	2.42e-06	0.442	GACCACGTGGAA
TKCCACGTGGAA	MEME-1	chr_3	409380	409391	+	14.5423	2.42e-06	0.442	GACCACGTGGAA
TKCCACGTGGAA	MEME-1	chr_9	701197	701208	-	14.5423	2.42e-06	0.442	GACCACGTGGAA
TKCCACGTGGAA	MEME-1	chr_7	65713	65724	+	14.5211	2.47e-06	0.442	TTACACGTGGAC
TKCCACGTGGAA	MEME-1	chr_4	105481	105492	-	14.507	2.56e-06	0.442	CTCCACGTGGCC
TKCCACGTGGAA	MEME-1	chr_30	196839	196850	-	14.507	2.56e-06	0.442	CTCCACGTGTAA
TKCCACGTGGAA	MEME-1	chr_1	703870	703881	+	14.507	2.56e-06	0.442	CTCCACGTGGCC
TKCCACGTGGAA	MEME-1	chr_3	966909	966920	+	14.507	2.56e-06	0.442	CTCCACGTGGCC
TKCCACGTGGAA	MEME-1	chr_1	1445863	1445874	+	14.507	2.56e-06	0.442	CTCCACGTGGCC
TKCCACGTGGAA	MEME-1	chr_1	1839205	1839216	+	14.507	2.56e-06	0.442	CTCCACGTGTAA
TKCCACGTGGAA	MEME-1	chr_30	13804	13815	+	14.4718	2.61e-06	0.442	GTCCACGTGGTA
TKCCACGTGGAA	MEME-1	chr_30	26918	26929	-	14.4718	2.61e-06	0.442	GTCCACGTGGTA
TKCCACGTGGAA	MEME-1	chr_10	50424	50435	+	14.4718	2.61e-06	0.442	GTCCACGTGGTA
TKCCACGTGGAA	MEME-1	chr_33	55220	55231	-	14.4718	2.61e-06	0.442	GTCCACGTGGTA
TKCCACGTGGAA	MEME-1	chr_27	78262	78273	-	14.4718	2.61e-06	0.442	GTCCACGTGGTA
TKCCACGTGGAA	MEME-1	chr_10	84144	84155	+	14.4718	2.61e-06	0.442	GTCCACGTGGTA
TKCCACGTGGAA	MEME-1	chr_19	301444	301455	-	14.4718	2.61e-06	0.442	GTCCACGTGGTA
TKCCACGTGGAA	MEME-1	chr_22	384059	384070	+	14.4718	2.61e-06	0.442	GTCCACGTGGTA
TKCCACGTGGAA	MEME-1	chr_5	388074	388085	-	14.4718	2.61e-06	0.442	GTCCACGTGGTA
TKCCACGTGGAA	MEME-1	chr_26	429167	429178	-	14.4718	2.61e-06	0.442	GTCCACGTGGTA
TKCCACGTGGAA	MEME-1	chr_14	482159	482170	+	14.4718	2.61e-06	0.442	GTCCACGTGGTA
TKCCACGTGGAA	MEME-1	chr_16	720276	720287	+	14.4718	2.61e-06	0.442	GTCCACGTGGTA
TKCCACGTGGAA	MEME-1	chr_13	887479	887490	+	14.4718	2.61e-06	0.442	GTCCACGTGGTA
TKCCACGTGGAA	MEME-1	chr_2	940911	940922	-	14.4718	2.61e-06	0.442	GTCCACGTGGTA
TKCCACGTGGAA	MEME-1	chr_9	1000987	1000998	+	14.4718	2.61e-06	0.442	GTCCACGTGGTA
TKCCACGTGGAA	MEME-1	chr_7	12167	12178	-	14.4648	2.65e-06	0.442	CACCACGTGGAA
TKCCACGTGGAA	MEME-1	chr_20	35270	35281	+	14.4648	2.65e-06	0.442	CACCACGTGGAA
TKCCACGTGGAA	MEME-1	chr_27	131368	131379	+	14.4648	2.65e-06	0.442	CACCACGTGGAA
TKCCACGTGGAA	MEME-1	chr_30	197254	197265	+	14.4648	2.65e-06	0.442	CACCACGTGGAA
TKCCACGTGGAA	MEME-1	chr_11	209910	209921	+	14.4648	2.65e-06	0.442	CACCACGTGGAA
TKCCACGTGGAA	MEME-1	chr_20	642060	642071	+	14.4648	2.65e-06	0.442	CACCACGTGGAA
TKCCACGTGGAA	MEME-1	chr_7	669886	669897	+	14.4648	2.65e-06	0.442	CACCACGTGGAA
TKCCACGTGGAA	MEME-1	chr_8	832744	832755	+	14.4648	2.65e-06	0.442	CACCACGTGGAA
TKCCACGTGGAA	MEME-1	chr_7	964383	964394	-	14.4648	2.65e-06	0.442	CACCACGTGGAA
TKCCACGTGGAA	MEME-1	chr_1	1684342	1684353	+	14.4648	2.65e-06	0.442	CACCACGTGGAA
TKCCACGTGGAA	MEME-1	chr_13	185633	185644	-	14.4296	2.7e-06	0.445	TGACACGTGGCA
TKCCACGTGGAA	MEME-1	chr_27	269724	269735	-	14.4296	2.7e-06	0.445	TGACACGTGGCA
TKCCACGTGGAA	MEME-1	chr_7	472396	472407	+	14.4296	2.7e-06	0.445	TGACACGTGGCA
TKCCACGTGGAA	MEME-1	chr_20	213163	213174	-	14.3944	2.74e-06	0.45	CTCCACGTGGTA
TKCCACGTGGAA	MEME-1	chr_8	237920	237931	+	14.3944	2.74e-06	0.45	CTCCACGTGGTA
TKCCACGTGGAA	MEME-1	chr_12	34309	34320	+	14.3662	2.79e-06	0.45	TTCCACGTGGCT
TKCCACGTGGAA	MEME-1	chr_18	344324	344335	-	14.3662	2.79e-06	0.45	TTCCACGTGGCT
TKCCACGTGGAA	MEME-1	chr_2	835562	835573	-	14.3662	2.79e-06	0.45	TTCCACGTGGCT
TKCCACGTGGAA	MEME-1	chr_3	1450528	1450539	+	14.3662	2.79e-06	0.45	TTCCACGTGGCT
TKCCACGTGGAA	MEME-1	chr_1	2000167	2000178	-	14.3662	2.79e-06	0.45	TTCCACGTGGCT
TKCCACGTGGAA	MEME-1	chr_27	33559	33570	+	14.338	2.96e-06	0.45	TTCCACGTGTAG
TKCCACGTGGAA	MEME-1	chr_2	83835	83846	-	14.338	2.96e-06	0.45	TTCCACGTGTAG
TKCCACGTGGAA	MEME-1	chr_1	101649	101660	-	14.338	2.96e-06	0.45	TTCCACGTTGAA
TKCCACGTGGAA	MEME-1	chr_14	183932	183943	+	14.338	2.96e-06	0.45	TTCCACGTTGAA
TKCCACGTGGAA	MEME-1	chr_10	210134	210145	+	14.338	2.96e-06	0.45	TTCCACGTTGAA
TKCCACGTGGAA	MEME-1	chr_28	254051	254062	-	14.338	2.96e-06	0.45	TTCCACGTGTAG
TKCCACGTGGAA	MEME-1	chr_28	263625	263636	+	14.338	2.96e-06	0.45	TTCCACGTTGAA
TKCCACGTGGAA	MEME-1	chr_6	289651	289662	-	14.338	2.96e-06	0.45	GGACACGTGGAA
TKCCACGTGGAA	MEME-1	chr_25	317747	317758	+	14.338	2.96e-06	0.45	TTCCACGTTGAA
TKCCACGTGGAA	MEME-1	chr_6	401174	401185	+	14.338	2.96e-06	0.45	TTCCACGTGTAG
TKCCACGTGGAA	MEME-1	chr_5	464513	464524	+	14.338	2.96e-06	0.45	TTCCACGTTGAA
TKCCACGTGGAA	MEME-1	chr_15	524936	524947	-	14.338	2.96e-06	0.45	TTCCACGTTGAA
TKCCACGTGGAA	MEME-1	chr_1	101649	101660	+	14.3239	3.03e-06	0.45	TTCAACGTGGAA
TKCCACGTGGAA	MEME-1	chr_14	183932	183943	-	14.3239	3.03e-06	0.45	TTCAACGTGGAA
TKCCACGTGGAA	MEME-1	chr_10	210134	210145	-	14.3239	3.03e-06	0.45	TTCAACGTGGAA
TKCCACGTGGAA	MEME-1	chr_28	263625	263636	-	14.3239	3.03e-06	0.45	TTCAACGTGGAA
TKCCACGTGGAA	MEME-1	chr_25	317747	317758	-	14.3239	3.03e-06	0.45	TTCAACGTGGAA
TKCCACGTGGAA	MEME-1	chr_5	464513	464524	-	14.3239	3.03e-06	0.45	TTCAACGTGGAA
TKCCACGTGGAA	MEME-1	chr_15	524936	524947	+	14.3239	3.03e-06	0.45	TTCAACGTGGAA
TKCCACGTGGAA	MEME-1	chr_30	286311	286322	-	14.3099	3.08e-06	0.45	ATCCACGTGGCA
TKCCACGTGGAA	MEME-1	chr_4	308469	308480	-	14.3099	3.08e-06	0.45	ATCCACGTGGCA
TKCCACGTGGAA	MEME-1	chr_2	496340	496351	-	14.3099	3.08e-06	0.45	ATCCACGTGGCA
TKCCACGTGGAA	MEME-1	chr_6	811133	811144	-	14.3099	3.08e-06	0.45	ATCCACGTGGCA
TKCCACGTGGAA	MEME-1	chr_20	213163	213174	+	14.2958	3.12e-06	0.45	TACCACGTGGAG
TKCCACGTGGAA	MEME-1	chr_8	237920	237931	-	14.2958	3.12e-06	0.45	TACCACGTGGAG
TKCCACGTGGAA	MEME-1	chr_13	89843	89854	+	14.2746	3.17e-06	0.45	GTCCACGTGGAT
TKCCACGTGGAA	MEME-1	chr_7	186633	186644	+	14.2746	3.17e-06	0.45	GTCCACGTGGAT
TKCCACGTGGAA	MEME-1	chr_23	294611	294622	-	14.2746	3.17e-06	0.45	GTCCACGTGGAT
TKCCACGTGGAA	MEME-1	chr_21	96629	96640	-	14.2676	3.21e-06	0.45	TTCCACGTGGGA
TKCCACGTGGAA	MEME-1	chr_21	267243	267254	-	14.2676	3.21e-06	0.45	TTCCACGTGGGA
TKCCACGTGGAA	MEME-1	chr_19	421933	421944	-	14.2676	3.21e-06	0.45	TTCCACGTGGGA
TKCCACGTGGAA	MEME-1	chr_13	474900	474911	-	14.2676	3.21e-06	0.45	TTCCACGTGGGA
TKCCACGTGGAA	MEME-1	chr_6	482911	482922	+	14.2676	3.21e-06	0.45	TTCCACGTGGGA
TKCCACGTGGAA	MEME-1	chr_3	789963	789974	-	14.2676	3.21e-06	0.45	TTCCACGTGGGA
TKCCACGTGGAA	MEME-1	chr_1	2368761	2368772	-	14.2676	3.21e-06	0.45	TTCCACGTGGGA
TKCCACGTGGAA	MEME-1	chr_30	244768	244779	-	14.2606	3.26e-06	0.45	CGACACGTGGAA
TKCCACGTGGAA	MEME-1	chr_18	298871	298882	+	14.2606	3.26e-06	0.45	CGACACGTGGAA
TKCCACGTGGAA	MEME-1	chr_24	462621	462632	-	14.2606	3.26e-06	0.45	CGACACGTGGAA
TKCCACGTGGAA	MEME-1	chr_2	1132134	1132145	+	14.2606	3.26e-06	0.45	CGACACGTGGAA
TKCCACGTGGAA	MEME-1	chr_2	1185214	1185225	-	14.2606	3.26e-06	0.45	CGACACGTGGAA
TKCCACGTGGAA	MEME-1	chr_1	1937737	1937748	+	14.2606	3.26e-06	0.45	CGACACGTGGAA
TKCCACGTGGAA	MEME-1	chr_7	12167	12178	+	14.2254	3.36e-06	0.45	TTCCACGTGGTG
TKCCACGTGGAA	MEME-1	chr_20	35270	35281	-	14.2254	3.36e-06	0.45	TTCCACGTGGTG
TKCCACGTGGAA	MEME-1	chr_27	131368	131379	-	14.2254	3.36e-06	0.45	TTCCACGTGGTG
TKCCACGTGGAA	MEME-1	chr_31	150661	150672	+	14.2254	3.36e-06	0.45	TTCCACGTGTAC
TKCCACGTGGAA	MEME-1	chr_30	197254	197265	-	14.2254	3.36e-06	0.45	TTCCACGTGGTG
TKCCACGTGGAA	MEME-1	chr_11	209910	209921	-	14.2254	3.36e-06	0.45	TTCCACGTGGTG
TKCCACGTGGAA	MEME-1	chr_15	429378	429389	-	14.2254	3.36e-06	0.45	TTCCACGTGTAC
TKCCACGTGGAA	MEME-1	chr_14	636046	636057	-	14.2254	3.36e-06	0.45	TTCCACGTGTAC
TKCCACGTGGAA	MEME-1	chr_20	642060	642071	-	14.2254	3.36e-06	0.45	TTCCACGTGGTG
TKCCACGTGGAA	MEME-1	chr_7	669886	669897	-	14.2254	3.36e-06	0.45	TTCCACGTGGTG
TKCCACGTGGAA	MEME-1	chr_9	741679	741690	-	14.2254	3.36e-06	0.45	TTCCACGTGTAC
TKCCACGTGGAA	MEME-1	chr_10	743466	743477	-	14.2254	3.36e-06	0.45	TTCCACGTGTAC
TKCCACGTGGAA	MEME-1	chr_8	832744	832755	-	14.2254	3.36e-06	0.45	TTCCACGTGGTG
TKCCACGTGGAA	MEME-1	chr_7	964383	964394	+	14.2254	3.36e-06	0.45	TTCCACGTGGTG
TKCCACGTGGAA	MEME-1	chr_1	1684342	1684353	-	14.2254	3.36e-06	0.45	TTCCACGTGGTG
TKCCACGTGGAA	MEME-1	chr_20	485443	485454	-	14.2042	3.4e-06	0.45	TCCCACGTGGCA
TKCCACGTGGAA	MEME-1	chr_19	509528	509539	-	14.2042	3.4e-06	0.45	TCCCACGTGGCA
TKCCACGTGGAA	MEME-1	chr_1	191356	191367	-	14.1972	3.45e-06	0.45	CTCCACGTGGAT
TKCCACGTGGAA	MEME-1	chr_13	258585	258596	-	14.1972	3.45e-06	0.45	CTCCACGTGGAT
TKCCACGTGGAA	MEME-1	chr_4	873479	873490	-	14.1972	3.45e-06	0.45	CTCCACGTGGAT
TKCCACGTGGAA	MEME-1	chr_30	13804	13815	-	14.1831	3.49e-06	0.45	TACCACGTGGAC
TKCCACGTGGAA	MEME-1	chr_30	26918	26929	+	14.1831	3.49e-06	0.45	TACCACGTGGAC
TKCCACGTGGAA	MEME-1	chr_10	50424	50435	-	14.1831	3.49e-06	0.45	TACCACGTGGAC
TKCCACGTGGAA	MEME-1	chr_33	55220	55231	+	14.1831	3.49e-06	0.45	TACCACGTGGAC
TKCCACGTGGAA	MEME-1	chr_27	78262	78273	+	14.1831	3.49e-06	0.45	TACCACGTGGAC
TKCCACGTGGAA	MEME-1	chr_10	84144	84155	-	14.1831	3.49e-06	0.45	TACCACGTGGAC
TKCCACGTGGAA	MEME-1	chr_19	301444	301455	+	14.1831	3.49e-06	0.45	TACCACGTGGAC
TKCCACGTGGAA	MEME-1	chr_22	384059	384070	-	14.1831	3.49e-06	0.45	TACCACGTGGAC
TKCCACGTGGAA	MEME-1	chr_5	388074	388085	+	14.1831	3.49e-06	0.45	TACCACGTGGAC
TKCCACGTGGAA	MEME-1	chr_26	429167	429178	+	14.1831	3.49e-06	0.45	TACCACGTGGAC
TKCCACGTGGAA	MEME-1	chr_14	482159	482170	-	14.1831	3.49e-06	0.45	TACCACGTGGAC
TKCCACGTGGAA	MEME-1	chr_16	720276	720287	-	14.1831	3.49e-06	0.45	TACCACGTGGAC
TKCCACGTGGAA	MEME-1	chr_13	887479	887490	-	14.1831	3.49e-06	0.45	TACCACGTGGAC
TKCCACGTGGAA	MEME-1	chr_2	940911	940922	+	14.1831	3.49e-06	0.45	TACCACGTGGAC
TKCCACGTGGAA	MEME-1	chr_9	1000987	1000998	-	14.1831	3.49e-06	0.45	TACCACGTGGAC
TKCCACGTGGAA	MEME-1	chr_8	150783	150794	-	14.1549	3.52e-06	0.45	GGCCACGTGGCG
TKCCACGTGGAA	MEME-1	chr_22	294240	294251	+	14.1549	3.52e-06	0.45	GGCCACGTGGCG
TKCCACGTGGAA	MEME-1	chr_8	400919	400930	-	14.1549	3.52e-06	0.45	GGCCACGTGGCG
TKCCACGTGGAA	MEME-1	chr_13	185633	185644	+	14.1338	3.57e-06	0.453	TGCCACGTGTCA
TKCCACGTGGAA	MEME-1	chr_27	269724	269735	+	14.1338	3.57e-06	0.453	TGCCACGTGTCA
TKCCACGTGGAA	MEME-1	chr_7	472396	472407	-	14.1338	3.57e-06	0.453	TGCCACGTGTCA
TKCCACGTGGAA	MEME-1	chr_3	236162	236173	+	14.1127	3.65e-06	0.453	TTCCACGTGGTC
TKCCACGTGGAA	MEME-1	chr_27	308048	308059	+	14.1127	3.65e-06	0.453	TTCCACGTGGTC
TKCCACGTGGAA	MEME-1	chr_25	403719	403730	+	14.1127	3.65e-06	0.453	TTCCACGTGGTC
TKCCACGTGGAA	MEME-1	chr_9	701197	701208	+	14.1127	3.65e-06	0.453	TTCCACGTGGTC
TKCCACGTGGAA	MEME-1	chr_17	267172	267183	-	14.1127	3.65e-06	0.453	GCCCACGTGGAA
TKCCACGTGGAA	MEME-1	chr_27	302126	302137	-	14.1127	3.65e-06	0.453	GCCCACGTGGAA
TKCCACGTGGAA	MEME-1	chr_3	409380	409391	-	14.1127	3.65e-06	0.453	TTCCACGTGGTC
TKCCACGTGGAA	MEME-1	chr_8	458513	458524	-	14.1127	3.65e-06	0.453	GCCCACGTGGAA
TKCCACGTGGAA	MEME-1	chr_8	718895	718906	-	14.1127	3.65e-06	0.453	GCCCACGTGGAA
TKCCACGTGGAA	MEME-1	chr_13	530517	530528	+	14.0986	3.76e-06	0.458	TTCCACGTGAAA
TKCCACGTGGAA	MEME-1	chr_16	637312	637323	+	14.0986	3.76e-06	0.458	TGCGACGTGGAA
TKCCACGTGGAA	MEME-1	chr_2	1053384	1053395	+	14.0986	3.76e-06	0.458	TTCCACGTGAAA
TKCCACGTGGAA	MEME-1	chr_15	86690	86701	-	14.0986	3.76e-06	0.458	TGCGACGTGGAA
TKCCACGTGGAA	MEME-1	chr_2	143657	143668	-	14.0986	3.76e-06	0.458	TTCCACGTGAAA
TKCCACGTGGAA	MEME-1	chr_11	654946	654957	-	14.0986	3.76e-06	0.458	TGCGACGTGGAA
TKCCACGTGGAA	MEME-1	chr_9	739782	739793	-	14.0986	3.76e-06	0.458	TGCGACGTGGAA
TKCCACGTGGAA	MEME-1	chr_2	1014034	1014045	-	14.0986	3.76e-06	0.458	TTCCACGTGAAA
TKCCACGTGGAA	MEME-1	chr_8	139993	140004	+	14.0915	3.86e-06	0.466	TGCCACGTCGAA
TKCCACGTGGAA	MEME-1	chr_4	770540	770551	+	14.0915	3.86e-06	0.466	TGACACGTGGAG
TKCCACGTGGAA	MEME-1	chr_1	700750	700761	-	14.0915	3.86e-06	0.466	TGACACGTGGAG
TKCCACGTGGAA	MEME-1	chr_1	2421588	2421599	+	14.0775	3.93e-06	0.468	CGCCACGTGGCG
TKCCACGTGGAA	MEME-1	chr_15	188627	188638	-	14.0775	3.93e-06	0.468	GTACACGTGGCA
TKCCACGTGGAA	MEME-1	chr_25	300227	300238	-	14.0775	3.93e-06	0.468	GTACACGTGGCA
TKCCACGTGGAA	MEME-1	chr_1	2421588	2421599	-	14.0775	3.93e-06	0.468	CGCCACGTGGCG
TKCCACGTGGAA	MEME-1	chr_13	639247	639258	+	14.0563	3.97e-06	0.468	TTCCACGCGGAA
TKCCACGTGGAA	MEME-1	chr_1	1875788	1875799	+	14.0563	3.97e-06	0.468	TTCCACGCGGAA
TKCCACGTGGAA	MEME-1	chr_24	45795	45806	-	14.0563	3.97e-06	0.468	TTCCACGCGGAA
TKCCACGTGGAA	MEME-1	chr_27	208179	208190	-	14.0563	3.97e-06	0.468	TTCCACGCGGAA
TKCCACGTGGAA	MEME-1	chr_10	950814	950825	-	14.0563	3.97e-06	0.468	TTCCACGCGGAA
TKCCACGTGGAA	MEME-1	chr_1	1935990	1936001	-	14.0563	3.97e-06	0.468	TTCCACGCGGAA
TKCCACGTGGAA	MEME-1	chr_4	233929	233940	+	14.0423	4.05e-06	0.471	GGCCACGTGGCC
TKCCACGTGGAA	MEME-1	chr_4	233929	233940	-	14.0423	4.05e-06	0.471	GGCCACGTGGCC
TKCCACGTGGAA	MEME-1	chr_14	477545	477556	-	14.0423	4.05e-06	0.471	GGCCACGTGTAA
TKCCACGTGGAA	MEME-1	chr_1	568932	568943	+	14.0352	4.08e-06	0.471	CCCCACGTGGAA
TKCCACGTGGAA	MEME-1	chr_1	2436858	2436869	-	14.0352	4.08e-06	0.471	CCCCACGTGGAA
TKCCACGTGGAA	MEME-1	chr_5	513571	513582	+	14.0141	4.12e-06	0.471	TGCCGCGTGGAA
TKCCACGTGGAA	MEME-1	chr_15	562606	562617	+	14.0141	4.12e-06	0.471	TGCCGCGTGGAA
TKCCACGTGGAA	MEME-1	chr_19	653681	653692	+	14.0141	4.12e-06	0.471	TGCCGCGTGGAA
TKCCACGTGGAA	MEME-1	chr_2	1353023	1353034	+	14.0141	4.12e-06	0.471	TGCCGCGTGGAA
TKCCACGTGGAA	MEME-1	chr_31	54454	54465	-	14.0141	4.12e-06	0.471	TGCCGCGTGGAA
TKCCACGTGGAA	MEME-1	chr_22	458885	458896	-	14.0141	4.12e-06	0.471	TGCCGCGTGGAA
TKCCACGTGGAA	MEME-1	chr_19	547338	547349	-	14.0141	4.12e-06	0.471	TGCCGCGTGGAA
TKCCACGTGGAA	MEME-1	chr_1	1077598	1077609	-	14.0141	4.12e-06	0.471	TGCCGCGTGGAA
TKCCACGTGGAA	MEME-1	chr_12	685959	685970	-	14	4.17e-06	0.475	CTACACGTGGCA
TKCCACGTGGAA	MEME-1	chr_1	191356	191367	+	13.9718	4.26e-06	0.482	ATCCACGTGGAG
TKCCACGTGGAA	MEME-1	chr_13	258585	258596	+	13.9718	4.26e-06	0.482	ATCCACGTGGAG
TKCCACGTGGAA	MEME-1	chr_4	873479	873490	+	13.9718	4.26e-06	0.482	ATCCACGTGGAG
TKCCACGTGGAA	MEME-1	chr_8	150783	150794	+	13.9648	4.33e-06	0.483	CGCCACGTGGCC
TKCCACGTGGAA	MEME-1	chr_2	272378	272389	+	13.9648	4.33e-06	0.483	CGCCACGTGTAA
TKCCACGTGGAA	MEME-1	chr_8	400919	400930	+	13.9648	4.33e-06	0.483	CGCCACGTGGCC
TKCCACGTGGAA	MEME-1	chr_22	294240	294251	-	13.9648	4.33e-06	0.483	CGCCACGTGGCC
TKCCACGTGGAA	MEME-1	chr_1	21910	21921	+	13.9577	4.39e-06	0.483	TTGCACGTGGAA
TKCCACGTGGAA	MEME-1	chr_25	440872	440883	+	13.9577	4.39e-06	0.483	TTGCACGTGGAA
TKCCACGTGGAA	MEME-1	chr_25	445322	445333	+	13.9577	4.39e-06	0.483	TTGCACGTGGAA
TKCCACGTGGAA	MEME-1	chr_9	504979	504990	-	13.9577	4.39e-06	0.483	TTGCACGTGGAA
TKCCACGTGGAA	MEME-1	chr_6	536238	536249	-	13.9577	4.39e-06	0.483	TTGCACGTGGAA
TKCCACGTGGAA	MEME-1	chr_7	611972	611983	-	13.9577	4.39e-06	0.483	TTGCACGTGGAA
TKCCACGTGGAA	MEME-1	chr_3	1211925	1211936	+	13.9437	4.46e-06	0.483	TTCTACGTGGAA
TKCCACGTGGAA	MEME-1	chr_12	15538	15549	-	13.9437	4.46e-06	0.483	TTCTACGTGGAA
TKCCACGTGGAA	MEME-1	chr_6	38996	39007	-	13.9437	4.46e-06	0.483	TTCTACGTGGAA
TKCCACGTGGAA	MEME-1	chr_19	172384	172395	-	13.9437	4.46e-06	0.483	TTCTACGTGGAA
TKCCACGTGGAA	MEME-1	chr_3	248557	248568	-	13.9437	4.46e-06	0.483	TTCTACGTGGAA
TKCCACGTGGAA	MEME-1	chr_24	422150	422161	-	13.9437	4.46e-06	0.483	TTCTACGTGGAA
TKCCACGTGGAA	MEME-1	chr_10	542870	542881	-	13.9437	4.46e-06	0.483	TTCTACGTGGAA
TKCCACGTGGAA	MEME-1	chr_10	547581	547592	-	13.9437	4.46e-06	0.483	TTCTACGTGGAA
TKCCACGTGGAA	MEME-1	chr_4	1146483	1146494	-	13.9437	4.46e-06	0.483	TTCTACGTGGAA
TKCCACGTGGAA	MEME-1	chr_24	60072	60083	+	13.9296	4.5e-06	0.483	GGCCACGTGGTA
TKCCACGTGGAA	MEME-1	chr_23	152944	152955	+	13.9296	4.5e-06	0.483	GGCCACGTGGTA
TKCCACGTGGAA	MEME-1	chr_12	15538	15549	+	13.8732	4.56e-06	0.483	TTCCACGTAGAA
TKCCACGTGGAA	MEME-1	chr_6	38996	39007	+	13.8732	4.56e-06	0.483	TTCCACGTAGAA
TKCCACGTGGAA	MEME-1	chr_19	172384	172395	+	13.8732	4.56e-06	0.483	TTCCACGTAGAA
TKCCACGTGGAA	MEME-1	chr_3	248557	248568	+	13.8732	4.56e-06	0.483	TTCCACGTAGAA
TKCCACGTGGAA	MEME-1	chr_24	422150	422161	+	13.8732	4.56e-06	0.483	TTCCACGTAGAA
TKCCACGTGGAA	MEME-1	chr_10	542870	542881	+	13.8732	4.56e-06	0.483	TTCCACGTAGAA
TKCCACGTGGAA	MEME-1	chr_10	547581	547592	+	13.8732	4.56e-06	0.483	TTCCACGTAGAA
TKCCACGTGGAA	MEME-1	chr_4	1146483	1146494	+	13.8732	4.56e-06	0.483	TTCCACGTAGAA
TKCCACGTGGAA	MEME-1	chr_3	1211925	1211936	-	13.8732	4.56e-06	0.483	TTCCACGTAGAA
TKCCACGTGGAA	MEME-1	chr_2	246258	246269	+	13.8662	4.6e-06	0.484	TCCCACGTGGAG
TKCCACGTGGAA	MEME-1	chr_15	719744	719755	+	13.8662	4.6e-06	0.484	TCCCACGTGGAG
TKCCACGTGGAA	MEME-1	chr_8	772043	772054	+	13.8662	4.6e-06	0.484	TCCCACGTGGAG
TKCCACGTGGAA	MEME-1	chr_23	294611	294622	+	13.8592	4.65e-06	0.486	ATCCACGTGGAC
TKCCACGTGGAA	MEME-1	chr_13	89843	89854	-	13.8592	4.65e-06	0.486	ATCCACGTGGAC
TKCCACGTGGAA	MEME-1	chr_7	186633	186644	-	13.8592	4.65e-06	0.486	ATCCACGTGGAC
TKCCACGTGGAA	MEME-1	chr_25	184468	184479	-	13.8521	4.69e-06	0.489	CGCCACGTGGTA
TKCCACGTGGAA	MEME-1	chr_8	139993	140004	-	13.838	4.73e-06	0.493	TTCGACGTGGCA
TKCCACGTGGAA	MEME-1	chr_15	86690	86701	+	13.831	4.82e-06	0.497	TTCCACGTCGCA
TKCCACGTGGAA	MEME-1	chr_11	654946	654957	+	13.831	4.82e-06	0.497	TTCCACGTCGCA
TKCCACGTGGAA	MEME-1	chr_9	739782	739793	+	13.831	4.82e-06	0.497	TTCCACGTCGCA
TKCCACGTGGAA	MEME-1	chr_2	272378	272389	-	13.831	4.82e-06	0.497	TTACACGTGGCG
TKCCACGTGGAA	MEME-1	chr_16	637312	637323	-	13.831	4.82e-06	0.497	TTCCACGTCGCA
TKCCACGTGGAA	MEME-1	chr_24	240252	240263	+	13.7958	4.96e-06	0.503	TGCCACGTTGAA
TKCCACGTGGAA	MEME-1	chr_21	425527	425538	+	13.7958	4.96e-06	0.503	TGCCACGTTGAA
TKCCACGTGGAA	MEME-1	chr_3	683366	683377	+	13.7958	4.96e-06	0.503	TGCCACGTTGAA
TKCCACGTGGAA	MEME-1	chr_12	685959	685970	+	13.7958	4.96e-06	0.503	TGCCACGTGTAG
TKCCACGTGGAA	MEME-1	chr_4	967052	967063	+	13.7958	4.96e-06	0.503	TGCCACGTTGAA
TKCCACGTGGAA	MEME-1	chr_11	150031	150042	-	13.7958	4.96e-06	0.503	TGCCACGTTGAA
TKCCACGTGGAA	MEME-1	chr_8	368397	368408	-	13.7958	4.96e-06	0.503	TGCCACGTTGAA
TKCCACGTGGAA	MEME-1	chr_5	803821	803832	-	13.7958	4.96e-06	0.503	TGCCACGTTGAA
TKCCACGTGGAA	MEME-1	chr_5	63312	63323	+	13.7817	5.07e-06	0.503	TGCAACGTGGAA
TKCCACGTGGAA	MEME-1	chr_19	310874	310885	+	13.7817	5.07e-06	0.503	TGCAACGTGGAA
TKCCACGTGGAA	MEME-1	chr_4	1161403	1161414	+	13.7817	5.07e-06	0.503	TGCAACGTGGAA
TKCCACGTGGAA	MEME-1	chr_27	151922	151933	-	13.7817	5.07e-06	0.503	TGCAACGTGGAA
TKCCACGTGGAA	MEME-1	chr_2	447360	447371	-	13.7817	5.07e-06	0.503	TGCAACGTGGAA
TKCCACGTGGAA	MEME-1	chr_3	595413	595424	-	13.7817	5.07e-06	0.503	TGCAACGTGGAA
TKCCACGTGGAA	MEME-1	chr_2	143657	143668	+	13.7535	5.25e-06	0.503	TTTCACGTGGAA
TKCCACGTGGAA	MEME-1	chr_20	442790	442801	+	13.7535	5.25e-06	0.503	TTCCGCGTGGCA
TKCCACGTGGAA	MEME-1	chr_19	627810	627821	+	13.7535	5.25e-06	0.503	TCCCACGTGGAC
TKCCACGTGGAA	MEME-1	chr_2	1014034	1014045	+	13.7535	5.25e-06	0.503	TTTCACGTGGAA
TKCCACGTGGAA	MEME-1	chr_25	1415	1426	-	13.7535	5.25e-06	0.503	TCCCACGTGGAC
TKCCACGTGGAA	MEME-1	chr_31	26653	26664	-	13.7535	5.25e-06	0.503	TCCCACGTGGAC
TKCCACGTGGAA	MEME-1	chr_9	289398	289409	-	13.7535	5.25e-06	0.503	TTCCGCGTGGCA
TKCCACGTGGAA	MEME-1	chr_13	530517	530528	-	13.7535	5.25e-06	0.503	TTTCACGTGGAA
TKCCACGTGGAA	MEME-1	chr_21	613581	613592	-	13.7535	5.25e-06	0.503	TCCCACGTGGAC
TKCCACGTGGAA	MEME-1	chr_4	633373	633384	-	13.7535	5.25e-06	0.503	TCCCACGTGGAC
TKCCACGTGGAA	MEME-1	chr_14	821035	821046	-	13.7535	5.25e-06	0.503	TTCCGCGTGGCA
TKCCACGTGGAA	MEME-1	chr_4	909974	909985	-	13.7535	5.25e-06	0.503	TTCCGCGTGGCA
TKCCACGTGGAA	MEME-1	chr_5	989208	989219	-	13.7535	5.25e-06	0.503	TCCCACGTGGAC
TKCCACGTGGAA	MEME-1	chr_2	1053384	1053395	-	13.7535	5.25e-06	0.503	TTTCACGTGGAA
TKCCACGTGGAA	MEME-1	chr_2	1223720	1223731	-	13.7535	5.25e-06	0.503	TCCCACGTGGAC
TKCCACGTGGAA	MEME-1	chr_9	504979	504990	+	13.7465	5.35e-06	0.503	TTCCACGTGCAA
TKCCACGTGGAA	MEME-1	chr_6	536238	536249	+	13.7465	5.35e-06	0.503	TTCCACGTGCAA
TKCCACGTGGAA	MEME-1	chr_7	611972	611983	+	13.7465	5.35e-06	0.503	TTCCACGTGCAA
TKCCACGTGGAA	MEME-1	chr_4	661095	661106	+	13.7465	5.35e-06	0.503	GTCGACGTGGAA
TKCCACGTGGAA	MEME-1	chr_4	916356	916367	+	13.7465	5.35e-06	0.503	GTCGACGTGGAA
TKCCACGTGGAA	MEME-1	chr_1	21910	21921	-	13.7465	5.35e-06	0.503	TTCCACGTGCAA
TKCCACGTGGAA	MEME-1	chr_9	40548	40559	-	13.7465	5.35e-06	0.503	GTCGACGTGGAA
TKCCACGTGGAA	MEME-1	chr_9	67672	67683	-	13.7465	5.35e-06	0.503	GTCGACGTGGAA
TKCCACGTGGAA	MEME-1	chr_8	134930	134941	-	13.7465	5.35e-06	0.503	GTCGACGTGGAA
TKCCACGTGGAA	MEME-1	chr_1	216329	216340	-	13.7465	5.35e-06	0.503	GTCGACGTGGAA
TKCCACGTGGAA	MEME-1	chr_21	359640	359651	-	13.7465	5.35e-06	0.503	GTCGACGTGGAA
TKCCACGTGGAA	MEME-1	chr_25	440872	440883	-	13.7465	5.35e-06	0.503	TTCCACGTGCAA
TKCCACGTGGAA	MEME-1	chr_25	445322	445333	-	13.7465	5.35e-06	0.503	TTCCACGTGCAA
TKCCACGTGGAA	MEME-1	chr_2	481341	481352	-	13.7465	5.35e-06	0.503	GTCGACGTGGAA
TKCCACGTGGAA	MEME-1	chr_7	773006	773017	-	13.7465	5.35e-06	0.503	GTCGACGTGGAA
TKCCACGTGGAA	MEME-1	chr_3	1265169	1265180	-	13.7465	5.35e-06	0.503	GTCGACGTGGAA
TKCCACGTGGAA	MEME-1	chr_1	2068415	2068426	-	13.7465	5.35e-06	0.503	GTCGACGTGGAA
TKCCACGTGGAA	MEME-1	chr_6	114025	114036	+	13.7394	5.48e-06	0.508	GTCCACGTCGAA
TKCCACGTGGAA	MEME-1	chr_18	149741	149752	+	13.7394	5.48e-06	0.508	GTACACGTGGAG
TKCCACGTGGAA	MEME-1	chr_27	280933	280944	+	13.7394	5.48e-06	0.508	GTACACGTGGAG
TKCCACGTGGAA	MEME-1	chr_5	961400	961411	+	13.7394	5.48e-06	0.508	GACCACGTGGCA
TKCCACGTGGAA	MEME-1	chr_1	1580010	1580021	+	13.7394	5.48e-06	0.508	GTCCACGTCGAA
TKCCACGTGGAA	MEME-1	chr_19	344682	344693	-	13.7394	5.48e-06	0.508	GTCCACGTCGAA
TKCCACGTGGAA	MEME-1	chr_23	429709	429720	-	13.7394	5.48e-06	0.508	GTCCACGTCGAA
TKCCACGTGGAA	MEME-1	chr_2	551991	552002	+	13.7324	5.52e-06	0.509	GGCCACGTGGAT
TKCCACGTGGAA	MEME-1	chr_21	385381	385392	-	13.7324	5.52e-06	0.509	GGCCACGTGGAT
TKCCACGTGGAA	MEME-1	chr_18	494236	494247	-	13.7324	5.52e-06	0.509	GGCCACGTGGAT
TKCCACGTGGAA	MEME-1	chr_20	485443	485454	+	13.7254	5.56e-06	0.51	TGCCACGTGGGA
TKCCACGTGGAA	MEME-1	chr_19	509528	509539	+	13.7254	5.56e-06	0.51	TGCCACGTGGGA
TKCCACGTGGAA	MEME-1	chr_14	477545	477556	+	13.7183	5.69e-06	0.521	TTACACGTGGCC
TKCCACGTGGAA	MEME-1	chr_1	700750	700761	+	13.7042	5.73e-06	0.524	CTCCACGTGTCA
TKCCACGTGGAA	MEME-1	chr_4	770540	770551	-	13.7042	5.73e-06	0.524	CTCCACGTGTCA
TKCCACGTGGAA	MEME-1	chr_32	71760	71771	+	13.6831	5.82e-06	0.526	TGCCACGTGGTG
TKCCACGTGGAA	MEME-1	chr_2	95484	95495	+	13.6831	5.82e-06	0.526	TGCCACGTGGTG
TKCCACGTGGAA	MEME-1	chr_15	188627	188638	+	13.6831	5.82e-06	0.526	TGCCACGTGTAC
TKCCACGTGGAA	MEME-1	chr_25	300227	300238	+	13.6831	5.82e-06	0.526	TGCCACGTGTAC
TKCCACGTGGAA	MEME-1	chr_3	1060788	1060799	-	13.6831	5.82e-06	0.526	TGCCACGTGGTG
TKCCACGTGGAA	MEME-1	chr_7	206136	206147	-	13.6761	5.89e-06	0.531	TAACACGTGGAA
TKCCACGTGGAA	MEME-1	chr_7	858695	858706	-	13.6761	5.89e-06	0.531	TAACACGTGGAA
TKCCACGTGGAA	MEME-1	chr_3	192531	192542	+	13.669	5.93e-06	0.533	CTCGACGTGGAA
TKCCACGTGGAA	MEME-1	chr_27	153641	153652	-	13.669	5.93e-06	0.533	CTCGACGTGGAA
TKCCACGTGGAA	MEME-1	chr_6	122081	122092	+	13.662	6.1e-06	0.535	GTCCGCGTGGAA
TKCCACGTGGAA	MEME-1	chr_13	426028	426039	+	13.662	6.1e-06	0.535	CTCCACGTCGAA
TKCCACGTGGAA	MEME-1	chr_23	448307	448318	+	13.662	6.1e-06	0.535	GTCCGCGTGGAA
TKCCACGTGGAA	MEME-1	chr_23	449198	449209	+	13.662	6.1e-06	0.535	CTCCACGTCGAA
TKCCACGTGGAA	MEME-1	chr_13	677727	677738	+	13.662	6.1e-06	0.535	GTCCGCGTGGAA
TKCCACGTGGAA	MEME-1	chr_14	685455	685466	+	13.662	6.1e-06	0.535	GTCCGCGTGGAA
TKCCACGTGGAA	MEME-1	chr_3	1060788	1060799	+	13.662	6.1e-06	0.535	CACCACGTGGCA
TKCCACGTGGAA	MEME-1	chr_1	1989002	1989013	+	13.662	6.1e-06	0.535	CTACACGTGGAG
TKCCACGTGGAA	MEME-1	chr_32	71760	71771	-	13.662	6.1e-06	0.535	CACCACGTGGCA
TKCCACGTGGAA	MEME-1	chr_2	95484	95495	-	13.662	6.1e-06	0.535	CACCACGTGGCA
TKCCACGTGGAA	MEME-1	chr_3	370717	370728	-	13.662	6.1e-06	0.535	GTCCGCGTGGAA
TKCCACGTGGAA	MEME-1	chr_21	534428	534439	-	13.662	6.1e-06	0.535	CTCCACGTCGAA
TKCCACGTGGAA	MEME-1	chr_1	1475163	1475174	-	13.662	6.1e-06	0.535	CTACACGTGGAG
TKCCACGTGGAA	MEME-1	chr_17	342354	342365	-	13.6549	6.14e-06	0.538	CGCCACGTGGAT
TKCCACGTGGAA	MEME-1	chr_20	136984	136995	+	13.6268	6.18e-06	0.538	GTACACGTGGAC
TKCCACGTGGAA	MEME-1	chr_20	624997	625008	+	13.6268	6.18e-06	0.538	GTACACGTGGAC
TKCCACGTGGAA	MEME-1	chr_11	638562	638573	+	13.6268	6.18e-06	0.538	GTACACGTGGAC
TKCCACGTGGAA	MEME-1	chr_4	1270955	1270966	-	13.6268	6.18e-06	0.538	GTACACGTGGAC
TKCCACGTGGAA	MEME-1	chr_12	5365	5376	+	13.5845	6.29e-06	0.542	CTCCGCGTGGAA
TKCCACGTGGAA	MEME-1	chr_4	334269	334280	+	13.5845	6.29e-06	0.542	CTCCGCGTGGAA
TKCCACGTGGAA	MEME-1	chr_3	1290460	1290471	+	13.5845	6.29e-06	0.542	CTCCGCGTGGAA
TKCCACGTGGAA	MEME-1	chr_30	198014	198025	-	13.5845	6.29e-06	0.542	CTCCGCGTGGAA
TKCCACGTGGAA	MEME-1	chr_22	539169	539180	-	13.5845	6.29e-06	0.542	CTCCGCGTGGAA
TKCCACGTGGAA	MEME-1	chr_5	961400	961411	-	13.5704	6.33e-06	0.544	TGCCACGTGGTC
TKCCACGTGGAA	MEME-1	chr_14	609722	609733	-	13.5563	6.39e-06	0.544	TGCCACGTGAAA
TKCCACGTGGAA	MEME-1	chr_13	776997	777008	+	13.5493	6.43e-06	0.544	CTACACGTGGAC
TKCCACGTGGAA	MEME-1	chr_8	433549	433560	-	13.5493	6.43e-06	0.544	CTACACGTGGAC
TKCCACGTGGAA	MEME-1	chr_5	457940	457951	-	13.5493	6.43e-06	0.544	CTACACGTGGAC
TKCCACGTGGAA	MEME-1	chr_1	866336	866347	-	13.5493	6.43e-06	0.544	CTACACGTGGAC
TKCCACGTGGAA	MEME-1	chr_27	151922	151933	+	13.5352	6.57e-06	0.544	TTCCACGTTGCA
TKCCACGTGGAA	MEME-1	chr_30	244768	244779	+	13.5352	6.57e-06	0.544	TTCCACGTGTCG
TKCCACGTGGAA	MEME-1	chr_2	447360	447371	+	13.5352	6.57e-06	0.544	TTCCACGTTGCA
TKCCACGTGGAA	MEME-1	chr_24	462621	462632	+	13.5352	6.57e-06	0.544	TTCCACGTGTCG
TKCCACGTGGAA	MEME-1	chr_3	595413	595424	+	13.5352	6.57e-06	0.544	TTCCACGTTGCA
TKCCACGTGGAA	MEME-1	chr_6	663162	663173	+	13.5352	6.57e-06	0.544	GGACACGTGGCA
TKCCACGTGGAA	MEME-1	chr_2	1185214	1185225	+	13.5352	6.57e-06	0.544	TTCCACGTGTCG
TKCCACGTGGAA	MEME-1	chr_5	63312	63323	-	13.5352	6.57e-06	0.544	TTCCACGTTGCA
TKCCACGTGGAA	MEME-1	chr_7	170049	170060	-	13.5352	6.57e-06	0.544	GGACACGTGGCA
TKCCACGTGGAA	MEME-1	chr_18	298871	298882	-	13.5352	6.57e-06	0.544	TTCCACGTGTCG
TKCCACGTGGAA	MEME-1	chr_19	310874	310885	-	13.5352	6.57e-06	0.544	TTCCACGTTGCA
TKCCACGTGGAA	MEME-1	chr_9	422135	422146	-	13.5352	6.57e-06	0.544	GGACACGTGGCA
TKCCACGTGGAA	MEME-1	chr_2	1132134	1132145	-	13.5352	6.57e-06	0.544	TTCCACGTGTCG
TKCCACGTGGAA	MEME-1	chr_4	1161403	1161414	-	13.5352	6.57e-06	0.544	TTCCACGTTGCA
TKCCACGTGGAA	MEME-1	chr_1	1937737	1937748	-	13.5352	6.57e-06	0.544	TTCCACGTGTCG
TKCCACGTGGAA	MEME-1	chr_11	150031	150042	+	13.5211	6.63e-06	0.544	TTCAACGTGGCA
TKCCACGTGGAA	MEME-1	chr_8	368397	368408	+	13.5211	6.63e-06	0.544	TTCAACGTGGCA
TKCCACGTGGAA	MEME-1	chr_5	803821	803832	+	13.5211	6.63e-06	0.544	TTCAACGTGGCA
TKCCACGTGGAA	MEME-1	chr_24	240252	240263	-	13.5211	6.63e-06	0.544	TTCAACGTGGCA
TKCCACGTGGAA	MEME-1	chr_21	425527	425538	-	13.5211	6.63e-06	0.544	TTCAACGTGGCA
TKCCACGTGGAA	MEME-1	chr_3	683366	683377	-	13.5211	6.63e-06	0.544	TTCAACGTGGCA
TKCCACGTGGAA	MEME-1	chr_4	967052	967063	-	13.5211	6.63e-06	0.544	TTCAACGTGGCA
TKCCACGTGGAA	MEME-1	chr_9	289398	289409	+	13.5141	6.67e-06	0.544	TGCCACGCGGAA
TKCCACGTGGAA	MEME-1	chr_14	821035	821046	+	13.5141	6.67e-06	0.544	TGCCACGCGGAA
TKCCACGTGGAA	MEME-1	chr_4	909974	909985	+	13.5141	6.67e-06	0.544	TGCCACGCGGAA
TKCCACGTGGAA	MEME-1	chr_20	442790	442801	-	13.5141	6.67e-06	0.544	TGCCACGCGGAA
TKCCACGTGGAA	MEME-1	chr_21	534428	534439	+	13.5	6.71e-06	0.545	TTCGACGTGGAG
TKCCACGTGGAA	MEME-1	chr_13	426028	426039	-	13.5	6.71e-06	0.545	TTCGACGTGGAG
TKCCACGTGGAA	MEME-1	chr_23	449198	449209	-	13.5	6.71e-06	0.545	TTCGACGTGGAG
TKCCACGTGGAA	MEME-1	chr_27	153641	153652	+	13.493	6.8e-06	0.548	TTCCACGTCGAG
TKCCACGTGGAA	MEME-1	chr_25	184468	184479	+	13.493	6.8e-06	0.548	TACCACGTGGCG
TKCCACGTGGAA	MEME-1	chr_3	192531	192542	-	13.493	6.8e-06	0.548	TTCCACGTCGAG
TKCCACGTGGAA	MEME-1	chr_27	329124	329135	+	13.4718	6.83e-06	0.548	GTCCACGTGGCT
TKCCACGTGGAA	MEME-1	chr_29	14530	14541	-	13.4718	6.83e-06	0.548	GTCCACGTGGCT
TKCCACGTGGAA	MEME-1	chr_24	496853	496864	-	13.4718	6.83e-06	0.548	GTCCACGTGGCT
TKCCACGTGGAA	MEME-1	chr_8	841643	841654	+	13.4577	6.87e-06	0.548	CGACACGTGGCA
TKCCACGTGGAA	MEME-1	chr_10	278654	278665	-	13.4577	6.87e-06	0.548	CGACACGTGGCA
TKCCACGTGGAA	MEME-1	chr_8	433549	433560	+	13.4437	6.97e-06	0.548	GTCCACGTGTAG
TKCCACGTGGAA	MEME-1	chr_5	457940	457951	+	13.4437	6.97e-06	0.548	GTCCACGTGTAG
TKCCACGTGGAA	MEME-1	chr_1	866336	866347	+	13.4437	6.97e-06	0.548	GTCCACGTGTAG
TKCCACGTGGAA	MEME-1	chr_29	229624	229635	-	13.4437	6.97e-06	0.548	GTCCACGTTGAA
TKCCACGTGGAA	MEME-1	chr_17	332831	332842	-	13.4437	6.97e-06	0.548	GTCCACGTTGAA
TKCCACGTGGAA	MEME-1	chr_6	347488	347499	-	13.4437	6.97e-06	0.548	GTCCACGTTGAA
TKCCACGTGGAA	MEME-1	chr_1	512987	512998	-	13.4437	6.97e-06	0.548	GTCCACGTTGAA
TKCCACGTGGAA	MEME-1	chr_13	776997	777008	-	13.4437	6.97e-06	0.548	GTCCACGTGTAG
TKCCACGTGGAA	MEME-1	chr_8	137618	137629	+	13.4296	7.07e-06	0.548	GTCAACGTGGAA
TKCCACGTGGAA	MEME-1	chr_8	144103	144114	+	13.4296	7.07e-06	0.548	GTCAACGTGGAA
TKCCACGTGGAA	MEME-1	chr_23	302995	303006	+	13.4296	7.07e-06	0.548	GTCAACGTGGAA
TKCCACGTGGAA	MEME-1	chr_23	323855	323866	+	13.4296	7.07e-06	0.548	GTCAACGTGGAA
TKCCACGTGGAA	MEME-1	chr_15	569433	569444	+	13.4296	7.07e-06	0.548	GTCAACGTGGAA
TKCCACGTGGAA	MEME-1	chr_2	912464	912475	+	13.4296	7.07e-06	0.548	GTCAACGTGGAA
TKCCACGTGGAA	MEME-1	chr_3	1298984	1298995	+	13.4296	7.07e-06	0.548	GTCAACGTGGAA
TKCCACGTGGAA	MEME-1	chr_1	1501249	1501260	+	13.4296	7.07e-06	0.548	GTCAACGTGGAA
TKCCACGTGGAA	MEME-1	chr_13	8004	8015	-	13.4296	7.07e-06	0.548	GTCAACGTGGAA
TKCCACGTGGAA	MEME-1	chr_14	140464	140475	-	13.4296	7.07e-06	0.548	GTCAACGTGGAA
TKCCACGTGGAA	MEME-1	chr_5	234079	234090	-	13.4296	7.07e-06	0.548	GTCAACGTGGAA
TKCCACGTGGAA	MEME-1	chr_10	541115	541126	-	13.4296	7.07e-06	0.548	GTCAACGTGGAA
TKCCACGTGGAA	MEME-1	chr_7	1010204	1010215	-	13.4296	7.07e-06	0.548	GTCAACGTGGAA
TKCCACGTGGAA	MEME-1	chr_6	289651	289662	+	13.4225	7.11e-06	0.551	TTCCACGTGTCC
TKCCACGTGGAA	MEME-1	chr_25	85088	85099	+	13.4155	7.2e-06	0.553	TGGCACGTGGAA
TKCCACGTGGAA	MEME-1	chr_1	292833	292844	-	13.4155	7.2e-06	0.553	TTCCGCGTGGAG
TKCCACGTGGAA	MEME-1	chr_5	444274	444285	-	13.4155	7.2e-06	0.553	TGGCACGTGGAA
TKCCACGTGGAA	MEME-1	chr_1	757211	757222	-	13.4155	7.2e-06	0.553	TTCCGCGTGGAG
TKCCACGTGGAA	MEME-1	chr_4	796874	796885	-	13.4155	7.2e-06	0.553	TTCCGCGTGGAG
TKCCACGTGGAA	MEME-1	chr_24	395483	395494	+	13.4085	7.27e-06	0.555	TTACACGTGGAT
TKCCACGTGGAA	MEME-1	chr_15	800243	800254	+	13.4085	7.27e-06	0.555	TTACACGTGGAT
TKCCACGTGGAA	MEME-1	chr_2	47014	47025	+	13.4014	7.36e-06	0.555	TGCTACGTGGAA
TKCCACGTGGAA	MEME-1	chr_17	692492	692503	+	13.4014	7.36e-06	0.555	GACCACGTGGAG
TKCCACGTGGAA	MEME-1	chr_33	44625	44636	-	13.4014	7.36e-06	0.555	TGCTACGTGGAA
TKCCACGTGGAA	MEME-1	chr_31	73439	73450	-	13.4014	7.36e-06	0.555	TGCTACGTGGAA
TKCCACGTGGAA	MEME-1	chr_22	414082	414093	-	13.4014	7.36e-06	0.555	TGCTACGTGGAA
TKCCACGTGGAA	MEME-1	chr_12	527691	527702	-	13.4014	7.36e-06	0.555	TGCTACGTGGAA
TKCCACGTGGAA	MEME-1	chr_8	529872	529883	-	13.4014	7.36e-06	0.555	GACCACGTGGAG
TKCCACGTGGAA	MEME-1	chr_19	344682	344693	+	13.3873	7.45e-06	0.555	TTCGACGTGGAC
TKCCACGTGGAA	MEME-1	chr_23	429709	429720	+	13.3873	7.45e-06	0.555	TTCGACGTGGAC
TKCCACGTGGAA	MEME-1	chr_6	114025	114036	-	13.3873	7.45e-06	0.555	TTCGACGTGGAC
TKCCACGTGGAA	MEME-1	chr_1	1580010	1580021	-	13.3873	7.45e-06	0.555	TTCGACGTGGAC
TKCCACGTGGAA	MEME-1	chr_9	40548	40559	+	13.3803	7.6e-06	0.555	TTCCACGTCGAC
TKCCACGTGGAA	MEME-1	chr_9	67672	67683	+	13.3803	7.6e-06	0.555	TTCCACGTCGAC
TKCCACGTGGAA	MEME-1	chr_8	134930	134941	+	13.3803	7.6e-06	0.555	TTCCACGTCGAC
TKCCACGTGGAA	MEME-1	chr_1	216329	216340	+	13.3803	7.6e-06	0.555	TTCCACGTCGAC
TKCCACGTGGAA	MEME-1	chr_21	359640	359651	+	13.3803	7.6e-06	0.555	TTCCACGTCGAC
TKCCACGTGGAA	MEME-1	chr_2	481341	481352	+	13.3803	7.6e-06	0.555	TTCCACGTCGAC
TKCCACGTGGAA	MEME-1	chr_7	773006	773017	+	13.3803	7.6e-06	0.555	TTCCACGTCGAC
TKCCACGTGGAA	MEME-1	chr_3	1265169	1265180	+	13.3803	7.6e-06	0.555	TTCCACGTCGAC
TKCCACGTGGAA	MEME-1	chr_1	2068415	2068426	+	13.3803	7.6e-06	0.555	TTCCACGTCGAC
TKCCACGTGGAA	MEME-1	chr_24	60072	60083	-	13.3803	7.6e-06	0.555	TACCACGTGGCC
TKCCACGTGGAA	MEME-1	chr_23	152944	152955	-	13.3803	7.6e-06	0.555	TACCACGTGGCC
TKCCACGTGGAA	MEME-1	chr_4	661095	661106	-	13.3803	7.6e-06	0.555	TTCCACGTCGAC
TKCCACGTGGAA	MEME-1	chr_4	916356	916367	-	13.3803	7.6e-06	0.555	TTCCACGTCGAC
TKCCACGTGGAA	MEME-1	chr_25	1415	1426	+	13.3732	7.64e-06	0.555	GTCCACGTGGGA
TKCCACGTGGAA	MEME-1	chr_31	26653	26664	+	13.3732	7.64e-06	0.555	GTCCACGTGGGA
TKCCACGTGGAA	MEME-1	chr_21	613581	613592	+	13.3732	7.64e-06	0.555	GTCCACGTGGGA
TKCCACGTGGAA	MEME-1	chr_4	633373	633384	+	13.3732	7.64e-06	0.555	GTCCACGTGGGA
TKCCACGTGGAA	MEME-1	chr_5	989208	989219	+	13.3732	7.64e-06	0.555	GTCCACGTGGGA
TKCCACGTGGAA	MEME-1	chr_2	1223720	1223731	+	13.3732	7.64e-06	0.555	GTCCACGTGGGA
TKCCACGTGGAA	MEME-1	chr_19	627810	627821	-	13.3732	7.64e-06	0.555	GTCCACGTGGGA
TKCCACGTGGAA	MEME-1	chr_4	1126906	1126917	+	13.3662	7.74e-06	0.555	CTCCACGTTGAA
TKCCACGTGGAA	MEME-1	chr_1	1347825	1347836	+	13.3662	7.74e-06	0.555	CTCCACGTTGAA
TKCCACGTGGAA	MEME-1	chr_1	1475163	1475174	+	13.3662	7.74e-06	0.555	CTCCACGTGTAG
TKCCACGTGGAA	MEME-1	chr_26	66521	66532	-	13.3662	7.74e-06	0.555	CTCCACGTTGAA
TKCCACGTGGAA	MEME-1	chr_29	137085	137096	-	13.3662	7.74e-06	0.555	CTCCACGTTGAA
TKCCACGTGGAA	MEME-1	chr_1	1989002	1989013	-	13.3662	7.74e-06	0.555	CTCCACGTGTAG
TKCCACGTGGAA	MEME-1	chr_24	283799	283810	+	13.3521	7.86e-06	0.555	CTCAACGTGGAA
TKCCACGTGGAA	MEME-1	chr_15	727720	727731	+	13.3521	7.86e-06	0.555	CTCAACGTGGAA
TKCCACGTGGAA	MEME-1	chr_7	750297	750308	+	13.3521	7.86e-06	0.555	ATACACGTGGAA
TKCCACGTGGAA	MEME-1	chr_2	910513	910524	+	13.3521	7.86e-06	0.555	CTCAACGTGGAA
TKCCACGTGGAA	MEME-1	chr_4	1072833	1072844	+	13.3521	7.86e-06	0.555	CTCAACGTGGAA
TKCCACGTGGAA	MEME-1	chr_1	1869700	1869711	+	13.3521	7.86e-06	0.555	CTCAACGTGGAA
TKCCACGTGGAA	MEME-1	chr_28	129535	129546	-	13.3521	7.86e-06	0.555	ATACACGTGGAA
TKCCACGTGGAA	MEME-1	chr_17	163183	163194	-	13.3521	7.86e-06	0.555	CTCAACGTGGAA
TKCCACGTGGAA	MEME-1	chr_31	189214	189225	-	13.3521	7.86e-06	0.555	CTCAACGTGGAA
TKCCACGTGGAA	MEME-1	chr_13	235732	235743	-	13.3521	7.86e-06	0.555	ATACACGTGGAA
TKCCACGTGGAA	MEME-1	chr_18	293755	293766	-	13.3521	7.86e-06	0.555	CTCAACGTGGAA
TKCCACGTGGAA	MEME-1	chr_10	589330	589341	-	13.3521	7.86e-06	0.555	ATACACGTGGAA
TKCCACGTGGAA	MEME-1	chr_7	813338	813349	-	13.3521	7.86e-06	0.555	CTCAACGTGGAA
TKCCACGTGGAA	MEME-1	chr_4	940766	940777	-	13.3521	7.86e-06	0.555	CTCAACGTGGAA
TKCCACGTGGAA	MEME-1	chr_7	963068	963079	-	13.3521	7.86e-06	0.555	ATACACGTGGAA
TKCCACGTGGAA	MEME-1	chr_2	1463953	1463964	-	13.3521	7.86e-06	0.555	CTCAACGTGGAA
TKCCACGTGGAA	MEME-1	chr_1	2342827	2342838	-	13.3521	7.86e-06	0.555	ATACACGTGGAA
TKCCACGTGGAA	MEME-1	chr_19	70713	70724	+	13.331	8e-06	0.559	GTCCACGTGGTG
TKCCACGTGGAA	MEME-1	chr_21	356300	356311	+	13.331	8e-06	0.559	GTCCACGTGGTG
TKCCACGTGGAA	MEME-1	chr_4	1270955	1270966	+	13.331	8e-06	0.559	GTCCACGTGTAC
TKCCACGTGGAA	MEME-1	chr_20	136984	136995	-	13.331	8e-06	0.559	GTCCACGTGTAC
TKCCACGTGGAA	MEME-1	chr_20	624997	625008	-	13.331	8e-06	0.559	GTCCACGTGTAC
TKCCACGTGGAA	MEME-1	chr_11	638562	638573	-	13.331	8e-06	0.559	GTCCACGTGTAC
TKCCACGTGGAA	MEME-1	chr_11	660451	660462	-	13.331	8e-06	0.559	TGCCACGTAGAA
TKCCACGTGGAA	MEME-1	chr_5	937068	937079	-	13.331	8e-06	0.559	TGCCACGTAGAA
TKCCACGTGGAA	MEME-1	chr_11	403305	403316	+	13.3239	8.04e-06	0.56	CACCACGTGGAG
TKCCACGTGGAA	MEME-1	chr_1	1697991	1698002	+	13.3239	8.04e-06	0.56	CACCACGTGGAG
TKCCACGTGGAA	MEME-1	chr_29	14530	14541	+	13.3169	8.08e-06	0.56	AGCCACGTGGAC
TKCCACGTGGAA	MEME-1	chr_24	496853	496864	+	13.3169	8.08e-06	0.56	AGCCACGTGGAC
TKCCACGTGGAA	MEME-1	chr_27	329124	329135	-	13.3169	8.08e-06	0.56	AGCCACGTGGAC
TKCCACGTGGAA	MEME-1	chr_7	206136	206147	+	13.3099	8.18e-06	0.56	TTCCACGTGTTA
TKCCACGTGGAA	MEME-1	chr_14	311819	311830	+	13.3099	8.18e-06	0.56	GCCCACGTGGCA
TKCCACGTGGAA	MEME-1	chr_7	858695	858706	+	13.3099	8.18e-06	0.56	TTCCACGTGTTA
TKCCACGTGGAA	MEME-1	chr_11	177042	177053	+	13.3028	8.27e-06	0.56	TTCCACGAGGAA
TKCCACGTGGAA	MEME-1	chr_23	178261	178272	-	13.3028	8.27e-06	0.56	TTCCACGAGGAA
TKCCACGTGGAA	MEME-1	chr_11	237350	237361	-	13.3028	8.27e-06	0.56	TTCCACGAGGAA
TKCCACGTGGAA	MEME-1	chr_22	584738	584749	-	13.3028	8.27e-06	0.56	TTCCACGAGGAA
TKCCACGTGGAA	MEME-1	chr_16	637775	637786	+	13.3028	8.27e-06	0.56	TTCCACGAGGAA
TKCCACGTGGAA	MEME-1	chr_6	828884	828895	+	13.3028	8.27e-06	0.56	TTCCGCGTGGAC
TKCCACGTGGAA	MEME-1	chr_1	1852819	1852830	+	13.3028	8.27e-06	0.56	TTCCACGAGGAA
TKCCACGTGGAA	MEME-1	chr_26	38125	38136	-	13.2958	8.41e-06	0.56	TGCGACGTGGCA
TKCCACGTGGAA	MEME-1	chr_25	78858	78869	-	13.2958	8.41e-06	0.56	TGCGACGTGGCA
TKCCACGTGGAA	MEME-1	chr_27	135127	135138	-	13.2958	8.41e-06	0.56	TTCCACGTGACA
TKCCACGTGGAA	MEME-1	chr_4	145119	145130	-	13.2958	8.41e-06	0.56	TTCCACGTGACA
TKCCACGTGGAA	MEME-1	chr_2	246258	246269	-	13.2958	8.41e-06	0.56	CTCCACGTGGGA
TKCCACGTGGAA	MEME-1	chr_4	249741	249752	+	13.2958	8.41e-06	0.56	TTCCACGTGACA
TKCCACGTGGAA	MEME-1	chr_8	282030	282041	+	13.2958	8.41e-06	0.56	TTCCACGTGACA
TKCCACGTGGAA	MEME-1	chr_22	290275	290286	-	13.2958	8.41e-06	0.56	TGCGACGTGGCA
TKCCACGTGGAA	MEME-1	chr_16	345481	345492	-	13.2958	8.41e-06	0.56	TTCCACGTGACA
TKCCACGTGGAA	MEME-1	chr_5	661649	661660	+	13.2958	8.41e-06	0.56	TTCCACGTGACA
TKCCACGTGGAA	MEME-1	chr_15	719744	719755	-	13.2958	8.41e-06	0.56	CTCCACGTGGGA
TKCCACGTGGAA	MEME-1	chr_8	772043	772054	-	13.2958	8.41e-06	0.56	CTCCACGTGGGA
TKCCACGTGGAA	MEME-1	chr_4	1092948	1092959	+	13.2958	8.41e-06	0.56	TTCCACGTGACA
TKCCACGTGGAA	MEME-1	chr_1	2254241	2254252	-	13.2958	8.41e-06	0.56	TGCGACGTGGCA
TKCCACGTGGAA	MEME-1	chr_1	2358928	2358939	-	13.2958	8.41e-06	0.56	TGCGACGTGGCA
TKCCACGTGGAA	MEME-1	chr_26	38125	38136	+	13.2887	8.52e-06	0.56	TGCCACGTCGCA
TKCCACGTGGAA	MEME-1	chr_25	78858	78869	+	13.2887	8.52e-06	0.56	TGCCACGTCGCA
TKCCACGTGGAA	MEME-1	chr_25	145082	145093	-	13.2887	8.52e-06	0.56	GACCACGTGGAC
TKCCACGTGGAA	MEME-1	chr_17	221708	221719	+	13.2887	8.52e-06	0.56	GACCACGTGGAC
TKCCACGTGGAA	MEME-1	chr_22	290275	290286	+	13.2887	8.52e-06	0.56	TGCCACGTCGCA
TKCCACGTGGAA	MEME-1	chr_1	613536	613547	+	13.2887	8.52e-06	0.56	GACCACGTGGAC
TKCCACGTGGAA	MEME-1	chr_6	731794	731805	+	13.2887	8.52e-06	0.56	GACCACGTGGAC
TKCCACGTGGAA	MEME-1	chr_1	2254241	2254252	+	13.2887	8.52e-06	0.56	TGCCACGTCGCA
TKCCACGTGGAA	MEME-1	chr_1	2358928	2358939	+	13.2887	8.52e-06	0.56	TGCCACGTCGCA
TKCCACGTGGAA	MEME-1	chr_8	122166	122177	+	13.2676	8.58e-06	0.56	TACCACGTGGTA
TKCCACGTGGAA	MEME-1	chr_8	122166	122177	-	13.2676	8.58e-06	0.56	TACCACGTGGTA
TKCCACGTGGAA	MEME-1	chr_31	54454	54465	+	13.2535	8.7e-06	0.56	TTCCACGCGGCA
TKCCACGTGGAA	MEME-1	chr_18	149741	149752	-	13.2535	8.7e-06	0.56	CTCCACGTGTAC
TKCCACGTGGAA	MEME-1	chr_27	280933	280944	-	13.2535	8.7e-06	0.56	CTCCACGTGTAC
TKCCACGTGGAA	MEME-1	chr_11	403305	403316	-	13.2535	8.7e-06	0.56	CTCCACGTGGTG
TKCCACGTGGAA	MEME-1	chr_22	458885	458896	+	13.2535	8.7e-06	0.56	TTCCACGCGGCA
TKCCACGTGGAA	MEME-1	chr_5	513571	513582	-	13.2535	8.7e-06	0.56	TTCCACGCGGCA
TKCCACGTGGAA	MEME-1	chr_19	547338	547349	+	13.2535	8.7e-06	0.56	TTCCACGCGGCA
TKCCACGTGGAA	MEME-1	chr_15	562606	562617	-	13.2535	8.7e-06	0.56	TTCCACGCGGCA
TKCCACGTGGAA	MEME-1	chr_19	653681	653692	-	13.2535	8.7e-06	0.56	TTCCACGCGGCA
TKCCACGTGGAA	MEME-1	chr_1	1077598	1077609	+	13.2535	8.7e-06	0.56	TTCCACGCGGCA
TKCCACGTGGAA	MEME-1	chr_2	1353023	1353034	-	13.2535	8.7e-06	0.56	TTCCACGCGGCA
TKCCACGTGGAA	MEME-1	chr_1	1697991	1698002	-	13.2535	8.7e-06	0.56	CTCCACGTGGTG
TKCCACGTGGAA	MEME-1	chr_3	86198	86209	-	13.2465	8.75e-06	0.56	TCACACGTGGAA
TKCCACGTGGAA	MEME-1	chr_4	311861	311872	-	13.2465	8.75e-06	0.56	TCACACGTGGAA
TKCCACGTGGAA	MEME-1	chr_7	525553	525564	+	13.2465	8.75e-06	0.56	TCACACGTGGAA
TKCCACGTGGAA	MEME-1	chr_25	145082	145093	+	13.2183	8.86e-06	0.56	GTCCACGTGGTC
TKCCACGTGGAA	MEME-1	chr_17	221708	221719	-	13.2183	8.86e-06	0.56	GTCCACGTGGTC
TKCCACGTGGAA	MEME-1	chr_1	613536	613547	-	13.2183	8.86e-06	0.56	GTCCACGTGGTC
TKCCACGTGGAA	MEME-1	chr_6	731794	731805	-	13.2183	8.86e-06	0.56	GTCCACGTGGTC
TKCCACGTGGAA	MEME-1	chr_19	70713	70724	-	13.2113	8.99e-06	0.56	CACCACGTGGAC
TKCCACGTGGAA	MEME-1	chr_27	135127	135138	+	13.2113	8.99e-06	0.56	TGTCACGTGGAA
TKCCACGTGGAA	MEME-1	chr_4	145119	145130	+	13.2113	8.99e-06	0.56	TGTCACGTGGAA
TKCCACGTGGAA	MEME-1	chr_27	187186	187197	+	13.2113	8.99e-06	0.56	TGCCGCGTGGCA
TKCCACGTGGAA	MEME-1	chr_4	249741	249752	-	13.2113	8.99e-06	0.56	TGTCACGTGGAA
TKCCACGTGGAA	MEME-1	chr_8	282030	282041	-	13.2113	8.99e-06	0.56	TGTCACGTGGAA
TKCCACGTGGAA	MEME-1	chr_16	345481	345492	+	13.2113	8.99e-06	0.56	TGTCACGTGGAA
TKCCACGTGGAA	MEME-1	chr_21	356300	356311	-	13.2113	8.99e-06	0.56	CACCACGTGGAC
TKCCACGTGGAA	MEME-1	chr_1	560251	560262	+	13.2113	8.99e-06	0.56	TGCCGCGTGGCA
TKCCACGTGGAA	MEME-1	chr_5	661649	661660	-	13.2113	8.99e-06	0.56	TGTCACGTGGAA
TKCCACGTGGAA	MEME-1	chr_4	1092948	1092959	-	13.2113	8.99e-06	0.56	TGTCACGTGGAA
TKCCACGTGGAA	MEME-1	chr_16	89681	89692	+	13.2042	9.13e-06	0.56	TGCCACGTGCAA
TKCCACGTGGAA	MEME-1	chr_30	101753	101764	+	13.2042	9.13e-06	0.56	TGCCACGTGCAA
TKCCACGTGGAA	MEME-1	chr_29	107687	107698	+	13.2042	9.13e-06	0.56	TGCCACGTGCAA
TKCCACGTGGAA	MEME-1	chr_7	192449	192460	-	13.2042	9.13e-06	0.56	GGCGACGTGGAA
TKCCACGTGGAA	MEME-1	chr_14	203631	203642	-	13.2042	9.13e-06	0.56	GTCCACGTGAAA
TKCCACGTGGAA	MEME-1	chr_2	206474	206485	+	13.2042	9.13e-06	0.56	TGCCACGTGCAA
TKCCACGTGGAA	MEME-1	chr_26	211803	211814	-	13.2042	9.13e-06	0.56	TGCCACGTGCAA
TKCCACGTGGAA	MEME-1	chr_15	236787	236798	+	13.2042	9.13e-06	0.56	TGCCACGTGCAA
TKCCACGTGGAA	MEME-1	chr_9	285699	285710	-	13.2042	9.13e-06	0.56	TGCCACGTGCAA
TKCCACGTGGAA	MEME-1	chr_7	422815	422826	-	13.2042	9.13e-06	0.56	GTCCACGTGAAA
TKCCACGTGGAA	MEME-1	chr_3	426765	426776	-	13.2042	9.13e-06	0.56	GTCCACGTGAAA
TKCCACGTGGAA	MEME-1	chr_11	503056	503067	+	13.2042	9.13e-06	0.56	TGCCACGTGCAA
TKCCACGTGGAA	MEME-1	chr_4	605291	605302	-	13.2042	9.13e-06	0.56	GGCGACGTGGAA
TKCCACGTGGAA	MEME-1	chr_20	647502	647513	+	13.2042	9.13e-06	0.56	TGCCACGTGCAA
TKCCACGTGGAA	MEME-1	chr_10	664132	664143	-	13.2042	9.13e-06	0.56	GGCGACGTGGAA
TKCCACGTGGAA	MEME-1	chr_11	786795	786806	+	13.2042	9.13e-06	0.56	GTCCACGTGAAA
TKCCACGTGGAA	MEME-1	chr_8	819895	819906	+	13.2042	9.13e-06	0.56	GGCGACGTGGAA
TKCCACGTGGAA	MEME-1	chr_12	845347	845358	+	13.2042	9.13e-06	0.56	TGCCACGTGCAA
TKCCACGTGGAA	MEME-1	chr_6	937736	937747	-	13.2042	9.13e-06	0.56	GGCGACGTGGAA
TKCCACGTGGAA	MEME-1	chr_1	2348305	2348316	-	13.2042	9.13e-06	0.56	GGCGACGTGGAA
TKCCACGTGGAA	MEME-1	chr_21	22007	22018	-	13.1972	9.26e-06	0.56	GGCCACGTCGAA
TKCCACGTGGAA	MEME-1	chr_23	112198	112209	+	13.1972	9.26e-06	0.56	GGACACGTGGAG
TKCCACGTGGAA	MEME-1	chr_17	163183	163194	+	13.1972	9.26e-06	0.56	TTCCACGTTGAG
TKCCACGTGGAA	MEME-1	chr_23	186597	186608	-	13.1972	9.26e-06	0.56	GGCCACGTCGAA
TKCCACGTGGAA	MEME-1	chr_31	189214	189225	+	13.1972	9.26e-06	0.56	TTCCACGTTGAG
TKCCACGTGGAA	MEME-1	chr_24	283799	283810	-	13.1972	9.26e-06	0.56	TTCCACGTTGAG
TKCCACGTGGAA	MEME-1	chr_18	293755	293766	+	13.1972	9.26e-06	0.56	TTCCACGTTGAG
TKCCACGTGGAA	MEME-1	chr_26	351321	351332	+	13.1972	9.26e-06	0.56	GGACACGTGGAG
TKCCACGTGGAA	MEME-1	chr_7	527862	527873	+	13.1972	9.26e-06	0.56	GGCCACGTCGAA
TKCCACGTGGAA	MEME-1	chr_15	727720	727731	-	13.1972	9.26e-06	0.56	TTCCACGTTGAG
TKCCACGTGGAA	MEME-1	chr_8	739083	739094	+	13.1972	9.26e-06	0.56	GGCCACGTCGAA
TKCCACGTGGAA	MEME-1	chr_7	813338	813349	+	13.1972	9.26e-06	0.56	TTCCACGTTGAG
TKCCACGTGGAA	MEME-1	chr_2	910513	910524	-	13.1972	9.26e-06	0.56	TTCCACGTTGAG
TKCCACGTGGAA	MEME-1	chr_4	940766	940777	+	13.1972	9.26e-06	0.56	TTCCACGTTGAG
TKCCACGTGGAA	MEME-1	chr_4	1072833	1072844	-	13.1972	9.26e-06	0.56	TTCCACGTTGAG
TKCCACGTGGAA	MEME-1	chr_2	1463953	1463964	+	13.1972	9.26e-06	0.56	TTCCACGTTGAG
TKCCACGTGGAA	MEME-1	chr_1	1869700	1869711	-	13.1972	9.26e-06	0.56	TTCCACGTTGAG
TKCCACGTGGAA	MEME-1	chr_26	66521	66532	+	13.1831	9.31e-06	0.561	TTCAACGTGGAG
TKCCACGTGGAA	MEME-1	chr_29	137085	137096	+	13.1831	9.31e-06	0.561	TTCAACGTGGAG
TKCCACGTGGAA	MEME-1	chr_4	1126906	1126917	-	13.1831	9.31e-06	0.561	TTCAACGTGGAG
TKCCACGTGGAA	MEME-1	chr_1	1347825	1347836	-	13.1831	9.31e-06	0.561	TTCAACGTGGAG
TKCCACGTGGAA	MEME-1	chr_29	114050	114061	-	13.1761	9.42e-06	0.566	TGACACGTGTAA
TKCCACGTGGAA	MEME-1	chr_6	858480	858491	-	13.1761	9.42e-06	0.566	TGACACGTGTAA
TKCCACGTGGAA	MEME-1	chr_11	177042	177053	-	13.169	9.51e-06	0.566	TTCCTCGTGGAA
TKCCACGTGGAA	MEME-1	chr_23	178261	178272	+	13.169	9.51e-06	0.566	TTCCTCGTGGAA
TKCCACGTGGAA	MEME-1	chr_11	237350	237361	+	13.169	9.51e-06	0.566	TTCCTCGTGGAA
TKCCACGTGGAA	MEME-1	chr_17	342354	342365	+	13.169	9.51e-06	0.566	ATCCACGTGGCG
TKCCACGTGGAA	MEME-1	chr_22	584738	584749	+	13.169	9.51e-06	0.566	TTCCTCGTGGAA
TKCCACGTGGAA	MEME-1	chr_16	637775	637786	-	13.169	9.51e-06	0.566	TTCCTCGTGGAA
TKCCACGTGGAA	MEME-1	chr_1	1852819	1852830	-	13.169	9.51e-06	0.566	TTCCTCGTGGAA
TKCCACGTGGAA	MEME-1	chr_6	828884	828895	-	13.162	9.59e-06	0.566	GTCCACGCGGAA
TKCCACGTGGAA	MEME-1	chr_16	89681	89692	-	13.1549	9.64e-06	0.566	TTGCACGTGGCA
TKCCACGTGGAA	MEME-1	chr_30	101753	101764	-	13.1549	9.64e-06	0.566	TTGCACGTGGCA
TKCCACGTGGAA	MEME-1	chr_29	107687	107698	-	13.1549	9.64e-06	0.566	TTGCACGTGGCA
TKCCACGTGGAA	MEME-1	chr_2	206474	206485	-	13.1549	9.64e-06	0.566	TTGCACGTGGCA
TKCCACGTGGAA	MEME-1	chr_26	211803	211814	+	13.1549	9.64e-06	0.566	TTGCACGTGGCA
TKCCACGTGGAA	MEME-1	chr_15	236787	236798	-	13.1549	9.64e-06	0.566	TTGCACGTGGCA
TKCCACGTGGAA	MEME-1	chr_9	285699	285710	+	13.1549	9.64e-06	0.566	TTGCACGTGGCA
TKCCACGTGGAA	MEME-1	chr_11	503056	503067	-	13.1549	9.64e-06	0.566	TTGCACGTGGCA
TKCCACGTGGAA	MEME-1	chr_20	647502	647513	-	13.1549	9.64e-06	0.566	TTGCACGTGGCA
TKCCACGTGGAA	MEME-1	chr_12	845347	845358	-	13.1549	9.64e-06	0.566	TTGCACGTGGCA
TKCCACGTGGAA	MEME-1	chr_8	529872	529883	+	13.1408	9.73e-06	0.569	CTCCACGTGGTC
TKCCACGTGGAA	MEME-1	chr_11	660451	660462	+	13.1408	9.73e-06	0.569	TTCTACGTGGCA
TKCCACGTGGAA	MEME-1	chr_17	692492	692503	-	13.1408	9.73e-06	0.569	CTCCACGTGGTC
TKCCACGTGGAA	MEME-1	chr_5	937068	937079	+	13.1408	9.73e-06	0.569	TTCTACGTGGCA
TKCCACGTGGAA	MEME-1	chr_6	104076	104087	-	13.1268	9.86e-06	0.571	CGCGACGTGGAA
TKCCACGTGGAA	MEME-1	chr_30	107492	107503	+	13.1268	9.86e-06	0.571	CTCCACGTGAAA
TKCCACGTGGAA	MEME-1	chr_11	292074	292085	+	13.1268	9.86e-06	0.571	CGCGACGTGGAA
TKCCACGTGGAA	MEME-1	chr_27	376428	376439	-	13.1268	9.86e-06	0.571	CTCCACGTGAAA
TKCCACGTGGAA	MEME-1	chr_1	568932	568943	-	13.1268	9.86e-06	0.571	TTCCACGTGGGG
TKCCACGTGGAA	MEME-1	chr_12	718947	718958	-	13.1268	9.86e-06	0.571	CTCCACGTGAAA
TKCCACGTGGAA	MEME-1	chr_11	883068	883079	-	13.1268	9.86e-06	0.571	CTCCACGTGAAA
TKCCACGTGGAA	MEME-1	chr_1	2436858	2436869	+	13.1268	9.86e-06	0.571	TTCCACGTGGGG

# FIMO (Find Individual Motif Occurrences): Version 5.0.3 compiled on Jan  2 2019 at 15:06:26
# The format of this file is described at http://meme-suite.org/doc/fimo-output-format.html.
# fimo -verbosity 1 --thresh 1e-5 -oc ././Project_bZIP/GEM_BED/bZIP13_S8_L002_R1_001-fimo/ ././Project_bZIP/GEM_BED/bZIP13_S8_L002_R1_001-meme/meme.txt .//../Genome_ref/PT_Chr_only.fa
